search_term,date_downloaded,data_points,issues,file_path
Ukraine conflict,2025-11-06,70,None,TIER1_COUNTRIES/google_trends_Ukraine_conflict.csv
Ukraine war,2025-11-06,70,None,TIER1_COUNTRIES/google_trends_Ukraine_war.csv
Russia Ukraine,2025-11-06,70,None,TIER1_COUNTRIES/google_trends_Russia_Ukraine.csv
Ukraine military,2025-11-06,70,None,TIER1_COUNTRIES/google_trends_Ukraine_military.csv
Ukraine crisis,2025-11-06,70,None,TIER1_COUNTRIES/google_trends_Ukraine_crisis.csv
Ukraine invasion,2025-11-06,70,None,TIER1_COUNTRIES/google_trends_Ukraine_invasion.csv
India protests,2025-11-06,70,None,TIER1_COUNTRIES/google_trends_India_protests.csv
India riots,2025-11-06,70,None,TIER1_COUNTRIES/google_trends_India_riots.csv
India demonstrations,2025-11-06,70,None,TIER1_COUNTRIES/google_trends_India_demonstrations.csv
India unrest,2025-11-06,70,None,TIER1_COUNTRIES/google_trends_India_unrest.csv
India strikes,2025-11-06,70,None,TIER1_COUNTRIES/google_trends_India_strikes.csv
US protests,2025-11-06,70,None,TIER1_COUNTRIES/google_trends_US_protests.csv
United States protests,2025-11-06,70,None,TIER1_COUNTRIES/google_trends_United_States_protests.csv
protests America,2025-11-06,70,None,TIER1_COUNTRIES/google_trends_protests_America.csv
Black Lives Matter,2025-11-06,70,None,TIER1_COUNTRIES/google_trends_Black_Lives_Matter.csv
Capitol riots,2025-11-06,70,None,TIER1_COUNTRIES/google_trends_Capitol_riots.csv
January 6,2025-11-06,70,None,TIER1_COUNTRIES/google_trends_January_6.csv
Myanmar conflict,2025-11-06,70,None,TIER1_COUNTRIES/google_trends_Myanmar_conflict.csv
Myanmar military,2025-11-06,70,None,TIER1_COUNTRIES/google_trends_Myanmar_military.csv
Myanmar coup,2025-11-06,70,None,TIER1_COUNTRIES/google_trends_Myanmar_coup.csv
Myanmar violence,2025-11-06,70,None,TIER1_COUNTRIES/google_trends_Myanmar_violence.csv
Mexico violence,2025-11-06,70,None,TIER1_COUNTRIES/google_trends_Mexico_violence.csv
Mexico cartel,2025-11-06,70,None,TIER1_COUNTRIES/google_trends_Mexico_cartel.csv
Mexico crime,2025-11-06,70,None,TIER1_COUNTRIES/google_trends_Mexico_crime.csv
Mexico drug war,2025-11-06,70,None,TIER1_COUNTRIES/google_trends_Mexico_drug_war.csv
Syria conflict,2025-11-06,70,None,TIER1_COUNTRIES/google_trends_Syria_conflict.csv
Syria war,2025-11-06,70,None,TIER1_COUNTRIES/google_trends_Syria_war.csv
Syria military,2025-11-06,70,None,TIER1_COUNTRIES/google_trends_Syria_military.csv
Syria bombing,2025-11-06,70,None,TIER1_COUNTRIES/google_trends_Syria_bombing.csv
Brazil violence,2025-11-06,70,None,TIER1_COUNTRIES/google_trends_Brazil_violence.csv
Brazil gangs,2025-11-06,70,None,TIER1_COUNTRIES/google_trends_Brazil_gangs.csv
Brazil conflict,2025-11-06,70,None,TIER1_COUNTRIES/google_trends_Brazil_conflict.csv
Palestine conflict,2025-11-06,70,None,TIER1_COUNTRIES/google_trends_Palestine_conflict.csv
Israel Palestine,2025-11-06,70,None,TIER1_COUNTRIES/google_trends_Israel_Palestine.csv
Gaza conflict,2025-11-06,70,None,TIER1_COUNTRIES/google_trends_Gaza_conflict.csv
Gaza ceasefire,2025-11-06,70,None,TIER1_COUNTRIES/google_trends_Gaza_ceasefire.csv
Yemen conflict,2025-11-06,70,None,TIER1_COUNTRIES/google_trends_Yemen_conflict.csv
Yemen war,2025-11-06,70,None,TIER1_COUNTRIES/google_trends_Yemen_war.csv
Yemen violence,2025-11-06,70,None,TIER1_COUNTRIES/google_trends_Yemen_violence.csv
Houthi Yemen,2025-11-06,70,None,TIER1_COUNTRIES/google_trends_Houthi_Yemen.csv
Pakistan protests,2025-11-06,70,None,TIER1_COUNTRIES/google_trends_Pakistan_protests.csv
Pakistan violence,2025-11-06,70,None,TIER1_COUNTRIES/google_trends_Pakistan_violence.csv
Pakistan demonstrations,2025-11-06,70,None,TIER1_COUNTRIES/google_trends_Pakistan_demonstrations.csv
Pakistan unrest,2025-11-06,70,None,TIER1_COUNTRIES/google_trends_Pakistan_unrest.csv
Iraq conflict,2025-11-06,70,None,TIER2_COUNTRIES/google_trends_Iraq_conflict
Iraq war,2025-11-06,70,None,TIER2_COUNTRIES/google_trends_Iraq_war.csv
Iraq military,2025-11-06,70,None,TIER2_COUNTRIES/google_trends_Iraq_military.csv
France protests,2025-11-06,70,None,TIER2_COUNTRIES/google_trends_France_protests.csv
French demonstrations,2025-11-06,70,None,TIER2_COUNTRIES/google_trends_French_demonstrations.csv
Russia military,2025-11-06,70,None,TIER2_COUNTRIES/google_trends_Russia_military.csv
Russia conflict,2025-11-06,70,None,TIER2_COUNTRIES/google_trends_Russia_conflict.csv
South Korea protests,2025-11-06,70,None,TIER2_COUNTRIES/google_trends_South_Korea protests.csv
Korea demonstrations,2025-11-06,70,None,TIER2_COUNTRIES/google_trends_Korea_demonstrations.csv
Turkey conflict,2025-11-06,70,None,TIER2_COUNTRIES/google_trends_Turkey_conflict.csv
Turkey violence,2025-11-06,70,None,TIER2_COUNTRIES/google_trends_Turkey_violence.csv
Turkey military,2025-11-06,70,None,TIER2_COUNTRIES/google_trends_Turkey_military.csv
Colombia violence,2025-11-06,70,None,TIER2_COUNTRIES/google_trends_Colombia_violence.csv
Colombia conflict,2025-11-06,70,None,TIER2_COUNTRIES/google_trends_Colombia_conflict.csv
Lebanon conflict,2025-11-06,70,None,TIER2_COUNTRIES/google_trends_Lebanon_conflict.csv
Lebanon protests,2025-11-06,70,None,TIER2_COUNTRIES/google_trends_Lebanon_protests.csv
Lebanon crisis,2025-11-06,70,None,TIER2_COUNTRIES/google_trends_Lebanon_crisis.csv
Nigeria insurgency,2025-11-06,70,None,TIER2_COUNTRIES/google_trends_Nigeria_insurgency.csv
Nigeria violence,2025-11-06,70,None,TIER2_COUNTRIES/google_trends_Nigeria_violence.csv
Boko Haram,2025-11-06,70,None,TIER2_COUNTRIES/google_trends_Boko_Haram.csv
Italy protests,2025-11-06,70,None,TIER2_COUNTRIES/google_trends_Italy_protests.csv
Italian demonstrations,2025-11-06,70,None,TIER2_COUNTRIES/google_trends_Italian_demonstrations.csv
Afghanistan conflict,2025-11-06,70,None,TIER2_COUNTRIES/google_trends_Afghanistan_conflict.csv
Afghanistan military,2025-11-06,70,None,TIER2_COUNTRIES/google_trends_Afghanistan_military.csv
Taliban,2025-11-06,70,None,TIER2_COUNTRIES/google_trends_Taliban.csv
#FreePalestine,2025-11-07,70,None,TIER3_HASHTAGS/google_trends_FreePalestine
#Gaza,2025-11-07,70,None,TIER3_HASHTAGS/google_trends_Gaza
#GazaCeasefire,2025-11-07,70,"No data for this search, removed hashtag",TIER3_HASHTAGS/google_trends_GazaCeasefire
#FreeGaza,2025-11-07,70,None,TIER3_HASHTAGS/google_trends_FreeGaza
#UkraineWar,2025-11-07,70,None,TIER3_HASHTAGS/google_trends_UkraineWar
#StandWithUkraine,2025-11-07,70,None,TIER3_HASHTAGS/google_trends_StandWithUkraine
#SlavaUkraine,2025-11-07,70,None,TIER3_HASHTAGS/google_trends_SlavaUkraine
#RussiaUkraineWar,2025-11-07,70,None,TIER3_HASHTAGS/google_trends_RussiaUkraineWar
#StopPutin,2025-11-07,70,None,TIER3_HASHTAGS/google_trends_StopPutin
#SyriaWar,2025-11-07,70,None,TIER3_HASHTAGS/google_trends_SyriaWar
#SaveSyria,2025-11-07,70,"No data for this search, changed to #Syria",TIER3_HASHTAGS/google_trends_Syria
#TurkishWomenNeedHelp,2025-11-07,70,"No data for this search, changed to #TurkishWomen",TIER3_HASHTAGS/google_trends_TurkishWomen
#FreeMamoglu,2025-11-07,70,None,TIER3_HASHTAGS/google_trends_FreeMamoglu
#WeNeedToTalkAboutYemen,2025-11-07,70,"No data for this search, changed to Talk About Yemen",TIER3_HASHTAGS/google_trends_WeNeedToTalkAboutYemen
#PeaceInYemen,2025-11-07,70,"No data for this search, changed to #YemenPeace",TIER3_HASHTAGS/google_trends_YemenPeace
#WhatsHappeningInMyanmar,2025-11-07,70,None,TIER3_HASHTAGS/google_trends_WhatsHappeningInMyanmar
#MilkTeaAlliance,2025-11-07,70,None,TIER3_HASHTAGS/google_trends_MilkTeaAlliance
#POSCO_StopSupportingSAC,2025-11-07,70,"No data for this search, removed hashtag",TIER3_HASHTAGS/google_trends_POSCOStopSupportingSAC
#AfghanistanWar,2025-11-07,70,"No data for this search, changed to #Afghanistan",TIER3_HASHTAGS/google_trends_Afghanistan
#Taliban,2025-11-07,70,None,TIER3_HASHTAGS/google_trends_Taliban
#IraqWar,2025-11-07,70,"No data for this search, changed to #Iraq",TIER3_HASHTAGS/google_trends_Iraq
#StopIraq,2025-11-07,70,"No data for this search, changed to #IraqCeasefire",TIER3_HASHTAGS/google_trends_IraqCeasefire
#Somaliland,2025-11-07,70,None,TIER3_HASHTAGS/google_trends_Somaliland
#SomaliaHumanRights,2025-11-07,70,None,TIER3_HASHTAGS/google_trends_SomaliaHumanRights
#IndiaPakistan,2025-11-07,70,None,TIER3_HASHTAGS/google_trends_IndiaPakistan
#SaveIndia,2025-11-07,70,"No data for this search, changed to #LiberateIndia",TIER3_HASHTAGS/google_trends_LiberateIndia
#PakistanArmy,2025-11-07,70,"No data for this search, changed to #Pakistan",TIER3_HASHTAGS/google_trends_Pakistan
#PakistanZindabad,2025-11-07,70,None,TIER3_HASHTAGS/google_trends_PakistanZindabad
#StopGunViolence,2025-11-07,70,"No data for this search, changed to Stop Gun Violence",TIER3_HASHTAGS/google_trends_StopGunViolence
#BlackLivesMatter,2025-11-07,70,None,TIER3_HASHTAGS/google_trends_BlackLivesMatter
#StandWithMexico,2025-11-07,70,None,TIER3_HASHTAGS/google_trends_StandWithMexico
#PeaceForMexico,2025-11-07,70,"No data for this search, changed to #HopeForMexico",TIER3_HASHTAGS/google_trends_HopeForMexico
#SaveBrazil,2025-11-07,70,None,TIER3_HASHTAGS/google_trends_SaveBrazil
#RioCrisis,2025-11-07,70,None,TIER3_HASHTAGS/google_trends_RioCrisis
#NeverAgain,2025-11-07,70,None,TIER3_HASHTAGS/google_trends_NeverAgain
#FightForDemocracy,2025-11-07,70,"No data for this search, changed to #Democracy",TIER3_HASHTAGS/google_trends_Democracy
#FreedomOfSpeech,2025-11-07,70,"No data for this search, changed to #FreeSpeech",TIER3_HASHTAGS/google_trends_FreeSpeech
#HumanRights,2025-11-07,70,None,TIER3_HASHTAGS/google_trends_HumanRights
#FreePress,2025-11-07,70,"No data for this search, changed to Free Press",TIER3_HASHTAGS/google_trends_FreePress
#YouthForDemocracy,2025-11-07,70,None,TIER3_HASHTAGS/google_trends_YouthForDemocracy
#Protest,2025-11-07,70,None,TIER3_HASHTAGS/google_trends_Protest
#DemoncracyForAll,2025-11-07,70,None,TIER3_HASHTAGS/google_trends_DemoncracyForAll
#NeverForget,2025-11-07,70,None,TIER3_HASHTAGS/google_trends_NeverForget
#CivilRights,2025-11-07,70,"No data for this search, changed to #Equality",TIER3_HASHTAGS/google_trends_Equality
#Justice,2025-11-07,70,None,TIER3_HASHTAGS/google_trends_Justice
#FightForFreedom,2025-11-07,70,"No data for this search, changed to #Freedom",TIER3_HASHTAGS/google_trends_Freedom
#Activism,2025-11-07,70,"No data for this search, changed to #Change",TIER3_HASHTAGS/google_trends_Change
#FridaysForFuture,2025-11-07,70,None,TIER3_HASHTAGS/google_trends_FridaysForFuture
#PeopleNotProfit,2025-11-07,70,"No data for this search, changed to People Not Profit",TIER3_HASHTAGS/google_trends_PeopleNotProfit
#MeToo,2025-11-07,70,None,TIER3_HASHTAGS/google_trends_MeToo
#StopFundingHate,2025-11-07,70,"No data for this search, changed to Stop Funding Hate",TIER3_HASHTAGS/google_trends_StopFundingHate
#WomensMarch,2025-11-07,70,None,TIER3_HASHTAGS/google_trends_WomensMarch
#TimesUp,2025-11-07,70,None,TIER3_HASHTAGS/google_trends_TimesUp
#GenerationEquality,2025-11-07,70,"No data for this search, changed to Generation Equality",TIER3_HASHTAGS/google_trends_GenerationEquality
#MyBodyMyChoice,2025-11-07,70,None,TIER3_HASHTAGS/google_trends_MyBodyMyChoice
#ProChoice,2025-11-07,70,None,TIER3_HASHTAGS/google_trends_ProChoice
#LoveIsLove,2025-11-07,70,None,TIER3_HASHTAGS/google_trends_LoveIsLove
#TransRights,2025-11-07,70,None,TIER3_HASHTAGS/google_trends_TransRights
#EqualityForAll,2025-11-07,70,None,TIER3_HASHTAGS/google_trends_EqualityForAll
#TransRightsAreHumanRights,2025-11-07,70,"No data for this search, changed to Trans Rights Are Human Rights",TIER3_HASHTAGS/google_trends_TransRightsAreHumanRights
#EndSexualViolence,2025-11-07,70,None,TIER3_HASHTAGS/google_trends_EndSexualViolence
#WomensRights,2025-11-07,70,None,TIER3_HASHTAGS/google_trends_WomensRights
#LGBTQ+,2025-11-07,70,None,TIER3_HASHTAGS/google_trends_LGBTQ+
#GayRights,2025-11-07,70,"No data for this search, changed to #GayPride",TIER3_HASHTAGS/google_trends_GayPride
#ImmigrantRights,2025-11-07,70,None,TIER3_HASHTAGS/google_trends_ImmigrantRights
#WarCrimes,2025-11-07,70,"No data for this search, changed to #NoWarCrimes",TIER3_HASHTAGS/google_trends_NoWarCrimes
#PeaceNotWar,2025-11-07,70,"No data for this search, changed to #Peace",TIER3_HASHTAGS/google_trends_Peace
#AntiWar,2025-11-07,70,"No data for this search, changed to #NoWar",TIER3_HASHTAGS/google_trends_NoWar
#StopWar,2025-11-07,70,None,TIER3_HASHTAGS/google_trends_StopWar
#StopTheWar,2025-11-07,70,None,TIER3_HASHTAGS/google_trends_StopTheWar
#HumanatarianCrisis,2025-11-07,70,None,TIER3_HASHTAGS/google_trends_HumanatarianCrisis
#RefugeeRelief,2025-11-07,70,"No data for this search, changed to Refugee Relief",TIER3_HASHTAGS/google_trends_RefugeeRelief
#PeaceForAll,2025-11-07,70,"No data for this search, changed to Peace For All",TIER3_HASHTAGS/google_trends_PeaceForAll
#Solidarity,2025-11-07,70,None,TIER3_HASHTAGS/google_trends_Solidarity
#Ceasefire,2025-11-07,70,None,TIER3_HASHTAGS/google_trends_Ceasefire
#CeasefireNOW,2025-11-07,70,None,TIER3_HASHTAGS/google_trends_CeasefireNOW
#StopGenocide,2025-11-07,70,None,TIER3_HASHTAGS/google_trends_StopGenocide
#HumanatarianAid,2025-11-07,70,"No data for this search, changed to #Aid",TIER3_HASHTAGS/google_trends_Aid
#StandWithPeace,2025-11-07,70,"No data for this search, changed to Stand With Peace",TIER3_HASHTAGS/google_trends_StandWithPeace
#StandWithHumanity,2025-11-07,70,"No data for this search, changed to #SaveHumanity",TIER3_HASHTAGS/google_trends_SaveHumanity
#EndTheViolence,2025-11-07,70,"No data for this search, changed to #EndViolence",TIER3_HASHTAGS/google_trends_EndViolence
#MiddleEastCrisis,2025-11-07,70,None,TIER3_HASHTAGS/google_trends_MiddleEastCrisis
#MENA,2025-11-07,70,"No data for this search, changed to MENA",TIER3_HASHTAGS/google_trends_MENA
#PeaceInMiddleEast,2025-11-07,70,"No data for this search, changed to #FreeMiddleEast",TIER3_HASHTAGS/google_trends_FreeMiddleEast
#EuropeanSolidarity,2025-11-07,70,None,TIER3_HASHTAGS/google_trends_EuropeanSolidarity
#RejoinEU,2025-11-07,70,"No data for this search, changed to #EU",TIER3_HASHTAGS/google_trends_EU
#SouthAsiaPeace,2025-11-07,70,"No data for this search, changed to #HelpSouthAsia",TIER3_HASHTAGS/google_trends_HelpSouthAsia
#SouthAsiaUnity,2025-11-07,70,"No data for this search, changed to #UnifySouthAsia",TIER3_HASHTAGS/google_trends_UnifySouthAsia
#LatinAmericaSolidarity,2025-11-07,70,"No data for this search, changed to Latin America Solidarity",TIER3_HASHTAGS/google_trends_LatinAmericaSolidarity
#LatinAmericaUnited,2025-11-07,70,"No data for this search, changed to Latin America United",TIER3_HASHTAGS/google_trends_LatinAmericaUnited
#NorthAmericaUnited,2025-11-07,70,"No data for this search, changed to #SaveNorthAmerica",TIER3_HASHTAGS/google_trends_SaveNorthAmerica
#FreedomConvoy2022,2025-11-07,70,None,TIER3_HASHTAGS/google_trends_FreedomConvoy2022