hashtag,video_date,likes,views,shares,comments
HumanRights,2025-10-22,1523,9104,34,50
HumanRights,2025-04-26,285400,982500,45000,29500
HumanRights,2025-09-19,94200,285600,2409,2554
HumanRights,2024-11-07,292500,1400000,10200,841
HumanRights,2025-01-01,1500000,7300000,30700,8122
HumanRights,2025-03-10,3995,129600,1567,118
HumanRights,2025-10-01,113,32500,13,2959
HumanRights,2024-11-07,12400,350200,1233,57
HumanRights,2025-10-22,53,697,0,15
HumanRights,2025-06-24,3482,46200,100,967
HumanRights,2025-09-07,13700,106000,398,50
HumanRights,2025-11-06,259,2156,6,16
HumanRights,2025-10-07,612700,3400000,27700,5669
HumanRights,2025-07-23,125900,658700,8414,4186
HumanRights,2025-10-02,57300,244300,1992,250
HumanRights,2024-03-04,327600,2000000,36500,2452
HumanRights,2025-06-12,4272,26800,249,210
HumanRights,2025-10-18,115700,390300,1471,215
HumanRights,2022-08-17,65,3027,42,4
HumanRights,2025-09-02,1160,17800,73,1202
HumanRights,2024-12-27,11300,99700,833,1505
HumanRights,2025-11-07,1196,4155,264,52
HumanRights,2025-06-21,397,2073,10,8
HumanRights,2025-10-08,9599,169300,397,62
HumanRights,2025-09-15,145,1105,3,13
HumanRights,2025-11-05,169,1126,0,0
HumanRights,2025-06-15,424600,2400000,1086,867
HumanRights,2025-02-21,23800,319300,904,10
HumanRights,2025-10-13,1591,8757,28,6
HumanRights,2025-11-05,24400,79300,3472,896
HumanRights,2022-04-13,675,21800,80,44
HumanRights,2025-10-25,265900,1000000,6901,1571
HumanRights,2025-11-07,688,8221,49,23
HumanRights,2025-04-09,103900,481900,3971,720
HumanRights,2025-10-31,1868,14600,50,108
HumanRights,2025-10-24,202200,2400000,4906,12400
HumanRights,2025-11-04,5845,66300,810,353
HumanRights,2025-05-04,200900,742700,34600,35500
HumanRights,2025-11-07,410100,4600000,30000,11500
HumanRights,2025-04-02,1000000,3400000,33700,3198
HumanRights,2022-03-07,2229,128300,471,59
HumanRights,2025-02-17,15200,253300,1179,647
HumanRights,2025-10-28,4014,27600,76,298
HumanRights,2025-10-03,30400,224500,1087,819
HumanRights,2025-10-02,43700,274800,2190,1450
HumanRights,2025-09-11,54300,278700,4875,699
HumanRights,2025-01-25,142100,3200000,6022,6494
HumanRights,2024-11-07,8015,105400,397,65
HumanRights,2025-01-24,19600,158700,1930,255
HumanRights,2024-11-12,594,8445,9,177
HumanRights,2025-09-08,59400,1200000,4225,4381
HumanRights,2025-09-04,21500,179700,402,233
HumanRights,2025-03-10,448300,3000000,44100,9377
HumanRights,2025-10-30,4911,22300,860,541
HumanRights,2025-04-14,76000,314700,681,724
HumanRights,2025-11-07,562,6444,10,20
HumanRights,2025-11-07,6647,28100,674,115
HumanRights,2024-12-06,644400,4400000,16200,11100
HumanRights,2025-11-06,121,1389,12,44
HumanRights,2025-09-26,745,13800,5,25
HumanRights,2025-06-12,413800,1800000,7660,2690
HumanRights,2025-07-21,1100000,4300000,73200,23200
HumanRights,2025-03-25,5630,214200,190,2195
HumanRights,2025-11-04,35000,138700,5396,4571
HumanRights,2025-02-06,7293,56700,110,113
HumanRights,2025-06-02,9309,251200,130,9610
HumanRights,2024-05-09,2860,10900,332,81
HumanRights,2022-10-16,1971,30200,82,27
HumanRights,2025-06-29,29700,201400,1326,92
HumanRights,2025-11-07,19,211,0,4
HumanRights,2023-05-22,388,49600,81,0
HumanRights,2025-10-05,149600,616600,7447,1642
HumanRights,2025-05-29,468,5909,15,9
HumanRights,2024-01-16,69400,351400,1726,754
HumanRights,2022-07-24,528,15500,9,99
HumanRights,2023-04-01,9110,42400,294,209
HumanRights,2025-01-23,347800,1600000,6990,698
HumanRights,2025-09-29,9451,319400,299,253
HumanRights,2025-04-23,8648,74000,166,68
HumanRights,2025-10-31,268,1373,6,16
HumanRights,2025-06-11,994,9708,8,238
HumanRights,2025-05-05,360700,5300000,18400,6953
HumanRights,2025-06-07,64200,361600,2360,86
HumanRights,2025-06-12,5990,33200,55,22
HumanRights,2025-06-29,8713,174500,1573,851
HumanRights,2025-10-05,236400,1100000,1726,2343
HumanRights,2025-05-14,15300,61200,433,177
HumanRights,2025-11-07,213,1481,8,16
HumanRights,2025-06-07,9015,68700,739,34
HumanRights,2025-10-29,22900,127200,2715,2623
HumanRights,2025-08-05,13400,167500,211,186
HumanRights,2024-01-19,434,22500,50,20
HumanRights,2025-10-20,6528,30300,242,14
HumanRights,2025-07-05,76200,460500,8308,5475
HumanRights,2025-11-07,28400,115200,1043,1241
HumanRights,2025-11-05,46,988,1,2
HumanRights,2025-08-09,96900,991100,1340,6140
HumanRights,2025-11-07,267,2129,15,14
HumanRights,2025-02-17,1800000,12100000,118500,58000
HumanRights,2025-11-06,12900,231500,913,1054
HumanRights,2025-11-05,834,6979,80,20
HumanRights,2025-06-18,1336,9692,22,122
HumanRights,2025-11-07,154,1823,5,16
HumanRights,2025-09-26,549500,3600000,16200,4680
HumanRights,2025-09-29,3920,24500,94,166
HumanRights,2023-07-16,157200,1400000,2612,889
HumanRights,2025-10-21,1653,12900,16,139
HumanRights,2025-08-28,2200000,9700000,31300,4328
HumanRights,2025-07-03,16500,94200,437,167
HumanRights,2025-11-03,9,340,0,0
HumanRights,2025-06-12,160400,636100,3706,1336
HumanRights,2025-08-10,206800,2100000,11300,7115
HumanRights,2025-03-08,7662,46800,323,182
HumanRights,2025-09-22,3221,15700,27,2870
HumanRights,2025-04-06,43400,170000,1866,512
HumanRights,2021-03-20,961500,6300000,8755,5904
HumanRights,2023-07-30,222100,1400000,19300,3326
HumanRights,2025-11-08,111,575,14,24
HumanRights,2025-06-11,4000,31500,72,24
HumanRights,2025-08-20,35600,164000,3035,1015
HumanRights,2024-11-09,38900,339400,690,1753
HumanRights,2024-07-21,40500,290500,3843,3407
HumanRights,2025-10-28,104100,858400,16700,3704
HumanRights,2025-06-03,550600,3200000,33700,9017
HumanRights,2024-06-04,4252,367500,2953,134
HumanRights,2025-10-19,1072,21100,726,142
HumanRights,2022-07-31,160,2385,0,7
HumanRights,2025-05-23,2500000,11300000,88300,9621
HumanRights,2025-08-18,114500,439100,21000,2174
HumanRights,2025-10-26,2327,19500,109,255
HumanRights,2025-11-05,22000,125200,210,694
HumanRights,2025-10-30,16,361,38,12
HumanRights,2025-05-03,397500,7000000,57200,14200
HumanRights,2025-10-17,3073,135000,214,239
HumanRights,2025-10-28,2522,12500,127,56
HumanRights,2025-11-07,56,503,1,11
HumanRights,2025-04-25,34200,217700,598,223
HumanRights,2025-07-24,2200000,9100000,46800,7007
HumanRights,2024-07-24,30,1505,0,8
HumanRights,2025-05-27,461400,2000000,32800,9039
HumanRights,2025-10-01,13700,79100,627,148
HumanRights,2025-08-09,62700,311200,8633,1440
HumanRights,2025-11-07,1288,27000,271,113
HumanRights,2025-11-03,4386,27600,456,251
HumanRights,2025-08-01,1509,10500,139,14
HumanRights,2025-06-30,364,2771,5,8
HumanRights,2025-06-12,1700000,6500000,202200,8291
HumanRights,2025-09-21,1631,7315,99,78
HumanRights,2025-11-07,108,1468,1,26
HumanRights,2023-10-18,12300,79900,1460,324
HumanRights,2024-04-05,158700,452100,16200,9551
HumanRights,2025-10-10,7271,60900,346,799
HumanRights,2025-07-24,1259,6118,246,68
HumanRights,2024-11-11,15600,99000,313,651
HumanRights,2025-07-04,2067,10100,67,241
HumanRights,2023-02-22,66200,1600000,4144,1461
HumanRights,2022-12-10,61,1709,2,1
HumanRights,2025-10-06,110600,502500,2832,823
HumanRights,2025-01-30,214400,1200000,33500,4885
HumanRights,2025-08-04,6291,39700,59,100
HumanRights,2022-09-26,4183,86200,71,74
HumanRights,2025-08-13,30900,114300,735,85
HumanRights,2025-03-18,4213,33600,43,539
HumanRights,2025-09-15,110700,452400,1616,933
HumanRights,2025-09-20,25600,272000,682,151
HumanRights,2025-03-09,3545,25400,169,181
RefugeesWelcome,2025-11-07,20,135,0,2
RefugeesWelcome,2024-05-30,150,12800,15,51
RefugeesWelcome,2024-11-19,835,54200,217,61
RefugeesWelcome,2022-08-18,29,876,4,2
RefugeesWelcome,2025-11-06,240,5853,19,30
RefugeesWelcome,2025-05-29,63,628,1,12
RefugeesWelcome,2025-01-16,32,912,0,3
RefugeesWelcome,2025-01-17,181,9652,16,71
RefugeesWelcome,2025-01-16,324500,1500000,15400,20700
RefugeesWelcome,2025-05-13,10500,390400,3063,767
RefugeesWelcome,2025-01-19,94,1378,32,14
RefugeesWelcome,2025-10-05,901,46900,340,49
RefugeesWelcome,2025-11-07,8,103,2,0
RefugeesWelcome,2022-11-29,1534,128100,300,216
RefugeesWelcome,2025-01-16,766,28000,56,66
RefugeesWelcome,2025-10-29,212,56500,177,321
RefugeesWelcome,2023-03-15,88,1212,2,10
RefugeesWelcome,2025-11-08,2,18,0,0
RefugeesWelcome,2025-10-29,2370,72400,346,132
RefugeesWelcome,2020-11-25,42900,759000,1419,1878
RefugeesWelcome,2025-11-07,15,258,0,4
RefugeesWelcome,2025-06-20,237,6283,13,23
RefugeesWelcome,2023-02-13,188,2948,19,24
RefugeesWelcome,2025-11-06,13,87,12,1
RefugeesWelcome,2025-11-07,95,2041,2,7
RefugeesWelcome,2025-11-07,20,100,26,3
RefugeesWelcome,2024-05-01,26,1734,5,6
RefugeesWelcome,2025-11-04,124,2389,5,8
RefugeesWelcome,2023-12-04,69,2007,1,4
RefugeesWelcome,2025-10-30,55,2526,10,11
RefugeesWelcome,2023-06-28,7,441,0,0
RefugeesWelcome,2023-04-29,20000,700300,500,472
RefugeesWelcome,2025-01-22,132,1613,22,29
RefugeesWelcome,2025-09-16,171,3358,6,15
RefugeesWelcome,2025-01-15,923900,10000000,42800,21300
RefugeesWelcome,2025-01-16,302,1649,8,79
RefugeesWelcome,2025-08-25,5,588,11,1
RefugeesWelcome,2022-09-28,1004,39500,267,108
RefugeesWelcome,2025-11-04,5586,193100,1750,268
RefugeesWelcome,2023-02-10,3035,100300,1410,23
RefugeesWelcome,2025-02-19,91,1131,3,1
RefugeesWelcome,2025-10-16,266,1909,12,3
RefugeesWelcome,2023-05-28,19,2144,0,1
RefugeesWelcome,2025-10-15,464,23400,146,20
RefugeesWelcome,2025-11-06,2,9,0,0
RefugeesWelcome,2025-10-27,534,12800,116,60
RefugeesWelcome,2024-03-19,164,10700,2,25
RefugeesWelcome,2024-07-05,5027,168200,1485,266
RefugeesWelcome,2025-06-19,988,9231,20,372
RefugeesWelcome,2025-10-29,1459,7652,507,122
RefugeesWelcome,2025-11-03,1193,7308,86,71
RefugeesWelcome,2025-11-07,659,5340,15,89
RefugeesWelcome,2024-02-05,70,2449,13,2
RefugeesWelcome,2023-12-18,42,1154,0,0
RefugeesWelcome,2025-02-26,11800,501500,4114,654
RefugeesWelcome,2025-11-07,58,349,8,2
RefugeesWelcome,2025-11-07,42,783,15,2
RefugeesWelcome,2025-07-15,2218,70800,733,60
RefugeesWelcome,2023-02-17,19300,397600,6242,1233
RefugeesWelcome,2025-02-21,130,1810,3,8
RefugeesWelcome,2025-05-06,199,6280,38,22
RefugeesWelcome,2024-07-16,101900,645800,8521,2588
RefugeesWelcome,2025-04-10,291,8267,19,3
RefugeesWelcome,2025-05-30,413,4877,4,50
RefugeesWelcome,2025-11-04,1451,10600,30,3
RefugeesWelcome,2024-12-06,703,13800,4,17
RefugeesWelcome,2025-04-30,350,13300,66,22
RefugeesWelcome,2025-10-28,1582,19700,13,17
RefugeesWelcome,2025-01-13,51100,498600,4928,1106
RefugeesWelcome,2024-03-22,223,49100,71,24
RefugeesWelcome,2025-11-07,8984,301900,1543,1369
RefugeesWelcome,2025-09-26,24,2333,16,1
RefugeesWelcome,2025-11-05,155,2494,17,55
RefugeesWelcome,2025-01-15,25900,269900,937,1071
RefugeesWelcome,2025-11-07,43,5928,7,0
RefugeesWelcome,2024-12-23,187,9140,31,17
RefugeesWelcome,2025-10-18,47,449,1,4
RefugeesWelcome,2025-04-10,231,7214,57,5
RefugeesWelcome,2023-07-18,117,9209,20,13
RefugeesWelcome,2025-06-03,88,2338,1,97
RefugeesWelcome,2021-04-13,114000,706400,2307,2135
RefugeesWelcome,2025-09-06,84500,542400,2944,1473
RefugeesWelcome,2024-05-01,59,2074,3,1
RefugeesWelcome,2025-04-27,1397,79100,50,608
RefugeesWelcome,2025-05-09,372,15600,43,51
RefugeesWelcome,2025-10-08,1319,10300,17,54
RefugeesWelcome,2025-10-15,2793,155300,1170,105
RefugeesWelcome,2024-06-19,9314,237100,514,572
RefugeesWelcome,2025-07-08,98,8026,99,28
RefugeesWelcome,2025-01-21,108,5496,15,19
RefugeesWelcome,2025-06-21,1953,65000,865,124
RefugeesWelcome,2024-05-22,426,20800,164,13
RefugeesWelcome,2024-10-02,2227,57800,672,261
RefugeesWelcome,2024-01-04,207,15200,67,10
RefugeesWelcome,2025-01-17,129400,1800000,7383,3768
RefugeesWelcome,2024-09-04,1241,25500,651,85
RefugeesWelcome,2025-03-18,82,4352,30,2
RefugeesWelcome,2025-01-22,1426,64600,361,92
RefugeesWelcome,2025-01-25,104,3322,25,26
RefugeesWelcome,2025-01-14,119,3203,0,4
RefugeesWelcome,2023-06-02,12100,221100,333,623
RefugeesWelcome,2025-05-14,859,29500,13,125
RefugeesWelcome,2025-05-16,1756,55400,364,121
RefugeesWelcome,2025-11-01,95,4675,13,1
RefugeesWelcome,2022-11-29,73700,13300000,693,451
RefugeesWelcome,2025-11-05,1023,28500,66,36
RefugeesWelcome,2025-03-19,125800,2600000,26300,9188
RefugeesWelcome,2025-11-07,15,542,2,1
RefugeesWelcome,2025-09-10,14,211,0,6
RefugeesWelcome,2025-02-26,298,15900,50,16
RefugeesWelcome,2023-01-21,454,22600,178,51
RefugeesWelcome,2025-01-30,2540,10600,295,132
RefugeesWelcome,2025-11-03,141,1804,15,4
RefugeesWelcome,2024-03-14,63,5317,6,4
RefugeesWelcome,2023-10-01,96,3356,2,15
RefugeesWelcome,2024-12-10,308,6335,12,38
RefugeesWelcome,2025-11-06,2354,14400,80,119
RefugeesWelcome,2025-08-31,432,11600,9,167
RefugeesWelcome,2022-02-10,892,16000,32,24
RefugeesWelcome,2025-01-13,8346,304800,1410,468
RefugeesWelcome,2024-01-30,2133,54000,625,117
RefugeesWelcome,2025-05-09,100800,1000000,8901,7472
RefugeesWelcome,2023-02-16,45000,814900,22700,2984
RefugeesWelcome,2025-07-18,1265,15200,122,164
RefugeesWelcome,2025-01-07,37,3518,2,4
RefugeesWelcome,2025-10-31,431,46100,108,66
RefugeesWelcome,2024-02-08,1742,63600,266,41
RefugeesWelcome,2025-11-02,18,256,0,4
RefugeesWelcome,2023-07-21,164,9699,31,10
RefugeesWelcome,2025-01-14,62400,300300,14100,1210
MeToo,2025-04-07,211,19300,102,9
MeToo,2024-04-29,359900,10200000,56400,2350
MeToo,2025-11-07,265800,2800000,3212,993
MeToo,2025-02-22,16600,68200,1755,138
MeToo,2024-06-11,7294,88400,452,1054
MeToo,2023-12-26,395,7349,13,53
MeToo,2025-06-19,115,1545,0,3
MeToo,2024-11-09,198200,1100000,10300,404
MeToo,2025-04-19,12100,263800,2212,61
MeToo,2025-10-08,35600,177500,3661,147
MeToo,2021-11-15,268700,1400000,4922,2498
MeToo,2023-03-06,851300,4800000,36800,2100
MeToo,2025-01-22,4176,56400,109,44
MeToo,2025-07-24,71,2395,4,2
MeToo,2025-11-08,22,452,2,2
MeToo,2025-01-23,20100,189700,848,99
MeToo,2025-10-31,20700,103300,1333,244
MeToo,2025-03-26,939100,6400000,132900,4209
MeToo,2025-09-23,138500,755300,12500,528
MeToo,2023-09-25,5414,410100,892,37
MeToo,2025-08-11,2606,43600,837,17
MeToo,2020-10-19,677800,22600000,7625,44000
MeToo,2023-04-25,527000,7600000,6587,9769
MeToo,2025-10-07,388600,3600000,1078,418
MeToo,2025-09-01,1361,22500,54,146
MeToo,2024-03-16,236000,10000000,67000,6099
MeToo,2024-05-17,300600,3900000,4311,10300
MeToo,2025-10-05,138,1013,1,1
MeToo,2024-07-15,631900,4100000,49200,1819
MeToo,2025-08-19,924900,3400000,28900,8407
MeToo,2023-05-04,884900,8500000,6752,363
MeToo,2024-04-12,185500,2100000,2177,294
MeToo,2025-10-13,15100,670300,176,170
MeToo,2025-11-07,10500,57200,292,81
MeToo,2025-04-10,484700,2600000,65600,2692
MeToo,2025-05-07,657500,8600000,22700,2409
MeToo,2023-08-26,479400,3500000,5671,1070
MeToo,2024-02-02,107,11800,11,3
MeToo,2025-07-06,113800,767300,1500,217
MeToo,2025-11-08,1774,129900,257,121
MeToo,2025-11-07,20,250,0,0
MeToo,2025-05-12,9748,201500,107,11
MeToo,2021-01-07,54600,394900,308,206
MeToo,2025-11-02,3458,992900,63,194
MeToo,2025-07-04,29900,3600000,584,12900
MeToo,2020-08-07,57400,564400,3280,451
MeToo,2025-08-16,193900,794000,19700,998
MeToo,2023-06-13,1298,51000,7,4
MeToo,2025-10-07,4832,136100,134,233
MeToo,2025-04-07,262400,1400000,106000,819
MeToo,2020-03-08,1000000,7600000,5945,13400
MeToo,2023-06-23,22500,428400,771,290
MeToo,2025-08-29,6300,76400,1513,757
MeToo,2025-10-08,159800,929700,12600,1872
MeToo,2023-03-30,432600,7100000,57200,20700
MeToo,2023-11-11,437600,8800000,9090,11300
MeToo,2020-10-01,1300000,13700000,26900,9914
MeToo,2025-10-24,466,1995,20,14
MeToo,2025-10-04,7069,342500,835,103
MeToo,2022-05-19,742500,4900000,6525,5844
MeToo,2025-09-20,209100,1100000,4345,550
MeToo,2025-11-08,57,2388,1,1
MeToo,2025-09-27,49800,437700,4042,540
MeToo,2025-01-20,49000,758100,2457,822
MeToo,2024-10-16,223000,2200000,24100,1123
MeToo,2025-05-31,3631,105400,35,8
MeToo,2025-11-08,3,177,0,1
MeToo,2020-08-03,441400,2700000,12100,7904
MeToo,2025-04-29,339800,7700000,36000,3915
MeToo,2024-12-04,2200000,14800000,64600,7713
MeToo,2024-06-20,268500,2600000,27400,4028
MeToo,2025-09-30,23,674,0,0
MeToo,2025-11-08,50,2376,0,4
MeToo,2025-11-04,32400,856800,2978,678
MeToo,2025-10-20,2400000,43700000,143100,10400
MeToo,2025-05-21,413,8553,12,7
MeToo,2024-09-20,16200,813000,15300,131
MeToo,2025-03-26,19800,120000,1509,91
MeToo,2021-12-01,1800000,8000000,33300,25400
MeToo,2025-03-25,50700,1000000,9105,476
MeToo,2024-01-02,846600,10300000,14300,4666
MeToo,2025-05-30,396,4484,7,8
MeToo,2025-06-28,4355,37200,19,381
MeToo,2025-11-07,157,882,13,3
MeToo,2022-05-09,856,22400,13,13
MeToo,2025-11-07,478,3022,19,22
MeToo,2025-09-07,2577,64000,43,51
MeToo,2025-06-27,322800,6400000,29700,947
MeToo,2025-04-26,194500,1200000,16200,1344
MeToo,2025-04-24,1100000,6000000,686500,6389
MeToo,2025-09-11,14400,160800,137,49
MeToo,2025-10-04,686,70500,121,13
MeToo,2024-06-18,4646,19000,525,72
MeToo,2022-09-05,1,80,0,0
MeToo,2025-11-07,82,927,0,16
MeToo,2025-10-02,949000,11200000,12100,594
MeToo,2025-11-02,1396,994600,102,155
MeToo,2025-10-12,117,1582,2,3
MeToo,2025-11-04,486,19800,25,13
MeToo,2025-09-11,22100,258300,253,1349
MeToo,2025-08-06,3196,15100,117,21
MeToo,2025-07-16,769,13900,21,49
MeToo,2025-03-06,280500,4100000,23400,2240
MeToo,2025-10-24,186,7663,12,6
MeToo,2022-03-25,1515,20700,60,16
MeToo,2024-08-16,5758,291800,94,131
MeToo,2025-07-27,3556,81900,130,10
MeToo,2025-10-31,77400,7400000,5941,3255
MeToo,2025-10-04,1000000,8100000,76600,10300
MeToo,2025-11-08,27,1846,2,1
MeToo,2025-03-01,7180,147100,888,198
MeToo,2025-03-15,377900,2700000,7415,8440
MeToo,2025-01-25,27900,237300,1452,165
MeToo,2025-11-08,51,474,3,3
MeToo,2025-11-07,43,1119,4,0
MeToo,2025-05-22,1891,76900,28,15
MeToo,2024-12-05,333300,1300000,10100,547
MeToo,2023-06-04,444800,2300000,16600,4384
MeToo,2023-03-20,15700,829200,773,210
MeToo,2024-03-26,22,400,3,1
MeToo,2025-05-11,1100000,6700000,153700,4216
MeToo,2025-11-07,155,547,3,7
MeToo,2022-08-27,1900000,16100000,28800,20400
MeToo,2023-12-12,242100,2700000,595,1290
MeToo,2020-05-28,114300,1200000,1530,1729
MeToo,2025-10-12,60000,4900000,12000,3235
MeToo,2025-04-28,52900,324900,1940,129
MeToo,2025-09-26,3127,21700,17,34
MeToo,2023-05-14,2200000,8700000,32900,19300
MeToo,2024-01-04,4947,208400,1348,42
MeToo,2025-04-14,416,9267,27,9
MeToo,2023-11-19,1916,41500,77,6
MeToo,2025-03-27,157,1869,2,24
MeToo,2025-05-15,6498,27600,388,37
MeToo,2025-06-10,20800,128500,511,54
MeToo,2024-12-12,32,2321,4,0
MeToo,2025-09-22,80600,3100000,9570,2105
MeToo,2025-10-17,2460,278300,593,299
MeToo,2023-02-19,2100000,15300000,25300,20900
MeToo,2024-12-29,12200,733600,21200,11700
MeToo,2025-06-08,7136,36200,70,149
MeToo,2025-08-17,191700,1300000,62000,2090
MeToo,2025-06-02,7654,29000,590,91
MeToo,2024-06-16,262800,2400000,32600,1380
MeToo,2023-08-31,25200,314700,153,10
MeToo,2025-08-28,38000,275000,6422,156
MeToo,2021-07-01,260300,1400000,6621,2435
FreedomOfSpeech,1970-01-01,0,0,0,0
FreedomOfSpeech,2024-08-25,48,411,0,0
FreedomOfSpeech,2025-09-21,102,7381,25,24
FreedomOfSpeech,2025-11-07,31,490,2,4
FreedomOfSpeech,2025-06-15,10,51,0,1
FreedomOfSpeech,2025-06-12,13,47,1,0
FreedomOfSpeech,2025-11-03,3700000,36900000,247800,109700
FreedomOfSpeech,2025-09-18,13200,83700,419,1004
FreedomOfSpeech,2025-09-18,4489,24600,425,597
FreedomOfSpeech,2025-03-19,1032,87900,134,270
FreedomOfSpeech,2025-11-01,7,346,0,5
FreedomOfSpeech,2025-09-26,12400,124200,684,821
FreedomOfSpeech,2025-09-01,137,2175,3,8
FreedomOfSpeech,2025-10-29,33,308,0,4
FreedomOfSpeech,2024-04-26,96,4087,9,9
FreedomOfSpeech,2023-07-09,1070,34400,160,33
FreedomOfSpeech,2025-10-08,2000000,17300000,305000,34800
FreedomOfSpeech,2025-09-15,1049,26500,469,0
FreedomOfSpeech,2025-08-16,810,6718,34,17
FreedomOfSpeech,2025-09-18,3279,34300,171,194
FreedomOfSpeech,2025-11-06,13,127,1,5
FreedomOfSpeech,2025-09-18,33,476,1,24
FreedomOfSpeech,2024-08-14,1521,41400,81,45
FreedomOfSpeech,2024-09-04,159100,1200000,28500,10800
FreedomOfSpeech,2025-05-25,794,12400,4,217
FreedomOfSpeech,2025-11-07,22700,119700,1833,415
FreedomOfSpeech,2025-09-05,32500,648100,29000,2060
FreedomOfSpeech,2023-03-24,2640,32100,56,90
FreedomOfSpeech,2025-10-08,2876,105800,1294,485
FreedomOfSpeech,2022-03-31,45400,441200,159,502
FreedomOfSpeech,2025-11-07,35,433,0,3
FreedomOfSpeech,2025-07-03,3124,77300,1147,193
FreedomOfSpeech,2025-11-07,234,1344,2,18
FreedomOfSpeech,2025-10-19,441,11800,158,108
FreedomOfSpeech,2025-01-26,995300,3100000,29900,2285
FreedomOfSpeech,2025-11-05,89,632,7,10
FreedomOfSpeech,2025-04-21,631,4786,152,61
FreedomOfSpeech,2025-11-06,12,219,0,3
FreedomOfSpeech,2024-08-18,901,9266,3,18
FreedomOfSpeech,2025-09-23,767,41900,107,35
FreedomOfSpeech,2025-10-07,93,1098,36,5
FreedomOfSpeech,2025-09-11,1102,50000,1511,416
FreedomOfSpeech,2023-09-28,46500,548000,3941,1055
FreedomOfSpeech,2025-11-04,4791,156900,614,186
FreedomOfSpeech,2025-09-19,52500,235300,3102,661
FreedomOfSpeech,2025-09-18,6198,135000,2031,300
FreedomOfSpeech,2025-09-13,139,1244,6,19
FreedomOfSpeech,2023-10-29,3773,76600,850,152
FreedomOfSpeech,2025-09-11,33900,188300,1985,1279
FreedomOfSpeech,2025-04-05,4271,37300,731,701
FreedomOfSpeech,2025-02-04,19700,477500,328,3512
FreedomOfSpeech,2024-05-21,3538,124100,2537,234
FreedomOfSpeech,2025-10-09,488900,2200000,22900,2105
FreedomOfSpeech,2024-11-11,62900,512100,2583,7182
FreedomOfSpeech,2025-11-05,1208,15900,26,97
FreedomOfSpeech,2025-10-16,24500,206600,1509,2919
FreedomOfSpeech,2025-10-09,266,2783,61,30
FreedomOfSpeech,2023-06-29,409300,4300000,50400,10700
FreedomOfSpeech,2025-09-19,13200,85000,1072,928
FreedomOfSpeech,2025-11-04,52,302,0,6
FreedomOfSpeech,2025-06-11,4268,37600,156,563
FreedomOfSpeech,2025-10-10,297,1777,6,8
FreedomOfSpeech,2025-09-12,603,23200,27,199
FreedomOfSpeech,2025-08-15,240,5302,28,33
FreedomOfSpeech,2025-09-20,231,1027,4,43
FreedomOfSpeech,2025-11-07,234,6318,76,74
FreedomOfSpeech,2025-04-19,128700,500400,1243,114
FreedomOfSpeech,2025-11-07,49300,139700,8737,3984
FreedomOfSpeech,2025-04-01,10500,128300,79,232
FreedomOfSpeech,2025-09-13,57,970,5,8
FreedomOfSpeech,2025-09-11,1877,13700,111,96
FreedomOfSpeech,2025-08-01,16800,206600,3852,1551
FreedomOfSpeech,2025-04-22,689700,7200000,105600,12500
FreedomOfSpeech,2025-09-18,186,1123,12,23
FreedomOfSpeech,2025-09-18,2168,25800,70,113
FreedomOfSpeech,2023-08-08,616,3637,8,0
FreedomOfSpeech,2025-09-20,6266,81100,288,813
FreedomOfSpeech,2025-04-25,89400,1600000,24300,1667
FreedomOfSpeech,2025-09-11,2905,25100,524,150
FreedomOfSpeech,2025-11-07,52,308,3,19
FreedomOfSpeech,2025-10-08,1512,26000,37,59
FreedomOfSpeech,2025-10-09,376500,2000000,60200,9841
FreedomOfSpeech,2025-08-02,42,4409,45,4
FreedomOfSpeech,2025-10-08,521,5159,7,8
FreedomOfSpeech,2023-09-29,19700,150400,494,409
FreedomOfSpeech,2025-09-17,70,970,11,9
FreedomOfSpeech,2025-11-07,318,1656,4,12
FreedomOfSpeech,2025-09-29,75,1483,20,43
FreedomOfSpeech,2025-11-07,62,3680,0,5
FreedomOfSpeech,2025-09-02,6862,48000,193,492
FreedomOfSpeech,2025-11-06,1805,30700,223,226
FreedomOfSpeech,2023-12-27,101400,958000,6654,3685
FreedomOfSpeech,2025-09-18,52900,297800,1460,1328
FreedomOfSpeech,2025-01-22,366,5140,7,35
FreedomOfSpeech,2021-06-22,233800,1300000,17100,11100
FreedomOfSpeech,2025-08-02,2185,19500,23,133
FreedomOfSpeech,2025-11-06,34,356,11,5
FreedomOfSpeech,2025-05-13,347,16200,16,41
FreedomOfSpeech,2025-11-07,288100,1700000,16600,9810
FreedomOfSpeech,2025-10-30,43700,195400,4417,2890
FreedomOfSpeech,2025-10-17,61000,832000,17000,3097
FreedomOfSpeech,2025-10-08,79700,571500,4672,2099
FreedomOfSpeech,2025-10-16,7678,82500,1126,230
FreedomOfSpeech,2025-09-15,18,488,4,3
FreedomOfSpeech,2025-09-19,58,2618,2,7
FreedomOfSpeech,2025-09-18,149100,1800000,4753,5920
FreedomOfSpeech,2025-11-05,357,4883,6,29
FreedomOfSpeech,2025-11-07,206100,1800000,10700,2424
FreedomOfSpeech,2025-11-07,38900,259900,11900,4817
FreedomOfSpeech,2024-04-25,3625,28100,290,374
FreedomOfSpeech,2025-06-15,1183,8928,270,86
FreedomOfSpeech,2025-09-18,514100,1500000,24200,1731
FreedomOfSpeech,2025-11-07,100,503,3,17
FreedomOfSpeech,2025-09-18,53800,303500,2907,1450
FreedomOfSpeech,2025-09-19,257,2812,5,35
FreedomOfSpeech,2024-01-01,91,3788,26,13
FreedomOfSpeech,2025-09-18,627100,4000000,41100,2136
FreedomOfSpeech,2025-09-29,3932,27400,845,142
FreedomOfSpeech,2025-10-08,392800,3900000,69000,14400
FreedomOfSpeech,2025-10-07,2842,33900,149,136
FreedomOfSpeech,2025-11-07,17500,200700,474,417
FreedomOfSpeech,2025-06-16,301,4978,40,80
FreedomOfSpeech,2025-09-15,38700,303400,1379,3901
FreedomOfSpeech,2025-11-02,1520,13000,148,480
FreedomOfSpeech,2025-11-07,158700,1500000,9722,5582
FreedomOfSpeech,2025-10-16,450,2088,4,74
FreedomOfSpeech,2025-09-11,191,32600,24,104
FreedomOfSpeech,2025-07-03,101700,975200,8400,719
FreedomOfSpeech,2025-09-18,3796,34900,1346,77
FreedomOfSpeech,2025-08-06,306,2138,10,67
FreedomOfSpeech,2025-11-07,67,395,1,13
FreedomOfSpeech,2025-11-08,84,342,17,17
FreedomOfSpeech,2024-01-10,770,39300,278,19
FreedomOfSpeech,2025-10-06,42,866,0,9
FreedomOfSpeech,2025-09-15,6581,26400,86,215
FreedomOfSpeech,2025-11-06,2688,158400,138,75
FreedomOfSpeech,2025-10-08,239,3839,7,43
FreedomOfSpeech,2025-11-06,33,6765,22,14
FreedomOfSpeech,2025-11-07,240400,2400000,13700,13100
FreedomOfSpeech,2025-09-25,575100,2100000,55700,12700
FreedomOfSpeech,2025-09-10,6,41,1,0
FreedomOfSpeech,2025-11-06,16100,45600,1462,344
FreedomOfSpeech,2025-09-12,165400,930400,6154,2681
FreedomOfSpeech,2025-09-18,121,924,9,19
FreedomOfSpeech,2025-09-13,372,3382,12,125
FreedomOfSpeech,2025-11-05,1300000,7100000,94400,22900
FreedomOfSpeech,2025-01-17,15900000,160900000,1300000,378200
FreedomOfSpeech,2025-09-19,230,3260,7,21
FreedomOfSpeech,2025-09-12,54,792,0,10
WomensRights,2024-11-06,17700,67100,328,253
WomensRights,2024-10-21,139100,1300000,40900,8691
WomensRights,2023-06-07,773,14000,10,13
WomensRights,2025-11-04,127,1356,3,26
WomensRights,2024-11-25,325100,1700000,4826,1227
WomensRights,2024-11-07,12400,350200,1233,57
WomensRights,2025-03-09,6765,53800,153,280
WomensRights,2025-05-22,86900,611800,4452,2017
WomensRights,2024-08-24,1000000,4400000,26500,2273
WomensRights,2024-11-07,12100,103500,156,5005
WomensRights,2025-07-01,5809,134300,1949,473
WomensRights,2022-09-07,3256,44600,83,10
WomensRights,2025-06-24,3482,46200,100,967
WomensRights,2024-09-05,19700,162000,2481,1007
WomensRights,2025-11-06,18500,113000,207,350
WomensRights,2024-03-04,327600,2000000,36500,2452
WomensRights,2024-12-30,289,2997,14,38
WomensRights,2025-01-21,715700,4100000,17900,5888
WomensRights,2025-01-22,146300,1200000,4481,854
WomensRights,2025-10-22,1511,15500,38,22
WomensRights,2025-09-11,759000,2900000,27000,4991
WomensRights,2025-07-04,111700,509300,3792,366
WomensRights,2023-03-11,195400,1800000,27800,6293
WomensRights,2025-01-08,86900,679000,14100,1633
WomensRights,2025-07-09,39800,341000,7425,3565
WomensRights,2025-11-07,6659,41400,206,78
WomensRights,2024-11-10,196100,1600000,3162,975
WomensRights,2025-04-09,103900,481900,3971,720
WomensRights,2025-10-28,573200,2200000,7386,1795
WomensRights,2024-12-12,656600,3100000,54500,4395
WomensRights,2025-10-13,109600,458900,10700,951
WomensRights,2025-04-21,4078,106800,73,135
WomensRights,2025-04-17,18400,118200,429,1083
WomensRights,2024-12-08,359500,1800000,4247,630
WomensRights,2023-11-21,110900,2600000,2854,14800
WomensRights,2021-03-22,7491,43100,85,424
WomensRights,2025-11-04,265100,2500000,5522,5165
WomensRights,2025-01-09,9293,58400,1377,383
WomensRights,2025-05-29,476200,3500000,5637,1180
WomensRights,2025-01-27,16700,127100,99,621
WomensRights,2020-12-08,197400,424400,8376,2419
WomensRights,2025-10-08,187400,910900,29700,5658
WomensRights,2025-05-25,43200,483200,5060,5834
WomensRights,2024-08-23,5150,109600,587,528
WomensRights,2025-11-07,1802,14800,20,53
WomensRights,2025-03-18,457900,1900000,5145,628
WomensRights,2024-11-07,4003,82400,622,526
WomensRights,2025-02-26,307300,1600000,4415,5852
WomensRights,2025-09-19,36600,530400,1030,327
WomensRights,2023-03-29,63800,687900,833,549
WomensRights,2025-03-08,592800,2900000,20900,1396
WomensRights,2024-11-06,79100,728500,3493,10300
WomensRights,2024-03-09,761,11700,235,34
WomensRights,2024-12-06,644400,4400000,16200,11100
WomensRights,2022-12-25,5500000,20900000,467500,9835
WomensRights,2025-05-06,144700,1300000,5653,2435
WomensRights,2023-04-18,18600,237000,728,828
WomensRights,2025-05-07,354700,1800000,10200,2264
WomensRights,2025-11-07,111,946,1,6
WomensRights,2025-11-06,290,1864,9,29
WomensRights,2025-06-12,413800,1800000,7660,2690
WomensRights,2021-04-06,179600,722800,418,707
WomensRights,2025-07-03,240700,793600,18300,1713
WomensRights,2024-06-17,83400,453500,8808,1666
WomensRights,2024-11-06,70800,1400000,14500,2280
WomensRights,2024-11-07,9719,174400,1965,657
WomensRights,2024-11-02,36000,348500,327,661
WomensRights,2024-11-12,83600,522800,2938,2995
WomensRights,2025-06-06,17700,228200,1375,2082
WomensRights,2025-08-31,25400,121000,1607,1256
WomensRights,2025-05-02,2077,50400,214,162
WomensRights,2025-10-17,1188,51700,529,479
WomensRights,2025-06-13,238200,1300000,6053,3301
WomensRights,2023-06-18,50800,192300,6521,3463
WomensRights,2025-04-26,4344,27700,43,1408
WomensRights,2025-02-12,2061,35300,14,701
WomensRights,2024-10-21,23100,253500,858,1128
WomensRights,2025-04-14,645800,3800000,29000,4625
WomensRights,2024-11-07,744700,4500000,30500,2403
WomensRights,2022-05-10,521,15400,5,5
WomensRights,2025-09-02,2868,20900,95,162
WomensRights,2025-04-18,5270,56900,141,411
WomensRights,2025-02-12,16100,149500,722,517
WomensRights,2025-11-06,578,6457,311,76
WomensRights,2025-11-07,1184,28400,44,195
WomensRights,2024-11-08,68200,470500,1461,883
WomensRights,2025-08-19,424,6151,8,9
WomensRights,2025-10-29,22900,127200,2715,2623
WomensRights,2025-01-03,10800,66100,71,363
WomensRights,2023-02-09,36400,343100,1735,1876
WomensRights,2025-06-15,129800,838600,2214,684
WomensRights,2021-02-01,78700,190200,3385,1074
WomensRights,2025-11-05,71400,641500,1744,1593
WomensRights,2025-05-14,969,12400,50,132
WomensRights,2024-11-25,108,30300,16,2
WomensRights,2020-09-19,1800000,6400000,39300,16700
WomensRights,2024-11-09,213900,1700000,4830,0
WomensRights,2025-02-17,147800,2400000,1834,25500
WomensRights,2025-11-07,115,460,5,5
WomensRights,2025-03-08,47200,309900,9071,1468
WomensRights,2025-09-29,3923,24500,94,167
WomensRights,2023-07-16,157200,1400000,2612,889
WomensRights,2024-08-15,49200,1200000,870,2329
WomensRights,2025-11-07,2725,8145,18,77
WomensRights,2025-11-06,41000,826400,8907,4323
WomensRights,2025-01-04,549200,2700000,12800,8055
WomensRights,2023-06-19,140900,1000000,16100,4699
WomensRights,2024-04-15,56900,312500,11900,2206
WomensRights,2025-04-04,242100,1500000,21500,6566
WomensRights,2025-01-05,151100,989200,2444,605
WomensRights,2024-11-08,1000000,4500000,32400,3432
WomensRights,2024-07-20,162100,846100,11800,4824
WomensRights,2024-10-04,88100,480300,5148,1672
WomensRights,2025-08-06,34900,137900,1037,657
WomensRights,2025-10-23,1700000,9800000,52400,16300
WomensRights,2025-08-09,2253,105100,1403,331
WomensRights,2025-08-18,114500,439100,21000,2174
WomensRights,2024-10-19,32500,160000,2095,2914
WomensRights,2025-06-21,134600,1200000,48200,3944
WomensRights,2025-05-03,397500,7000000,57200,14200
WomensRights,2023-10-27,214300,3100000,2966,2215
WomensRights,2024-07-21,1732,25300,426,76
WomensRights,2025-04-26,7517,111400,402,1929
WomensRights,2025-10-05,681,7229,4,129
WomensRights,2025-05-16,1800,12900,35,43
WomensRights,2024-12-21,1200000,5700000,39300,2220
WomensRights,2025-11-07,21,278,0,4
WomensRights,2025-11-07,56,503,1,11
WomensRights,2025-07-24,2200000,9100000,46800,7006
WomensRights,2025-03-08,156000,1600000,1263,0
WomensRights,2024-04-18,37500,1400000,21500,1690
WomensRights,2025-09-06,8626,64400,296,684
WomensRights,2025-08-14,358300,2000000,7320,1950
WomensRights,2025-06-23,1300000,6100000,57000,12700
WomensRights,2024-10-31,6625,31400,136,259
WomensRights,2025-06-12,1700000,6500000,202200,8291
WomensRights,2025-07-11,43600,210200,774,1449
WomensRights,2024-11-14,207400,2200000,9722,2866
WomensRights,2025-10-26,56,1070,0,10
WomensRights,2025-02-22,51400,359300,2884,2936
WomensRights,2025-03-28,746000,3100000,11700,923
WomensRights,2025-10-28,36,735,1,10
WomensRights,2024-11-17,70600,529700,1283,858
WomensRights,2025-11-02,27,793,2,0
WomensRights,2025-10-12,1260,312200,45,42
WomensRights,2024-11-11,15600,99000,313,651
WomensRights,2025-05-09,1029,60800,87,2409
WomensRights,2025-03-17,42700,191500,1954,1899
WomensRights,2025-07-06,392000,3300000,6412,2882
WomensRights,2025-05-03,23700,250400,772,1549
WomensRights,2025-08-28,36500,217000,4710,1605
WomensRights,2025-05-28,429400,2400000,14600,3170
WomensRights,2025-01-02,14000,1300000,1527,1465
WomensRights,2025-03-08,48200,263900,1758,2836
WomensRights,2025-10-02,51600,1200000,10200,1236
WomensRights,2025-09-12,2800000,13100000,160400,27600
EndViolence,2025-08-12,379300,3800000,6198,9240
EndViolence,2025-06-24,5411,26100,369,74
EndViolence,2025-04-12,206,3705,28,12
EndViolence,2025-10-07,47,926,1,7
EndViolence,2025-10-01,948,20400,311,241
EndViolence,2025-04-18,265600,1500000,1156,3053
EndViolence,2025-05-21,261,8220,2,16
EndViolence,2025-09-11,10,496,0,23
EndViolence,2025-09-12,288600,1300000,17900,1714
EndViolence,2025-11-03,72,4279,11,12
EndViolence,2025-11-06,4648,56700,1971,179
EndViolence,2023-09-23,25,3650,0,1
EndViolence,2024-11-06,657,9381,52,14
EndViolence,2025-05-02,15200,313300,424,185
EndViolence,2025-08-29,16200,141300,307,183
EndViolence,2025-10-07,3632,58100,108,248
EndViolence,2025-06-17,1300000,5100000,25400,6597
EndViolence,2025-10-18,62,3473,1,4
EndViolence,2021-06-08,244,2252,0,3
EndViolence,2025-08-28,21800,93800,865,115
EndViolence,2025-10-28,508,4860,6,13
EndViolence,2022-12-08,63,760,12,2
EndViolence,2025-03-30,2719,31700,212,557
EndViolence,2025-10-30,7067,83500,462,94
EndViolence,2025-11-03,417200,1400000,12000,3765
EndViolence,2025-06-16,5038,85300,923,221
EndViolence,2025-02-19,36200,483500,645,498
EndViolence,2025-09-23,138,803,2,1
EndViolence,2025-05-24,36800,545200,4790,1822
EndViolence,2025-09-06,6999,116500,110,59
EndViolence,2022-12-18,41,1568,10,3
EndViolence,2023-01-30,3588,142200,31,43
EndViolence,2025-10-15,1300,37300,383,31
EndViolence,2025-08-23,142,2890,2,0
EndViolence,2024-04-27,7594,76300,449,392
EndViolence,2025-09-27,1000000,5600000,13200,4841
EndViolence,2025-09-15,5751,156600,91,364
EndViolence,2025-09-11,349,3878,8,11
EndViolence,2025-06-21,402,7304,18,25
EndViolence,2025-10-14,1800,20100,37,29
EndViolence,2022-12-08,107100,4300000,15200,0
EndViolence,2025-09-30,176300,844500,5965,1778
EndViolence,2025-08-04,22800,193700,820,242
EndViolence,2024-01-24,63200,2700000,590,778
EndViolence,2024-05-24,353200,4900000,85900,5397
EndViolence,2024-03-02,421400,2400000,5454,2571
EndViolence,2025-10-04,1717,28100,89,22
EndViolence,2023-11-06,14000,117300,850,0
EndViolence,2023-07-12,203,6884,0,1
EndViolence,2025-04-03,36700,309800,1224,175
EndViolence,2024-03-18,3884,105600,542,50
EndViolence,2025-07-04,2202,34500,41,41
EndViolence,2025-09-11,23100,168000,496,238
EndViolence,2025-04-27,86200,1700000,2260,5063
EndViolence,2025-09-25,1200000,4900000,15300,2395
EndViolence,2025-09-29,149800,592900,2783,751
EndViolence,2023-10-19,748000,8600000,28500,11800
EndViolence,2025-09-23,124,788,0,3
EndViolence,2025-09-28,843,8731,43,107
EndViolence,2025-09-14,26300,219100,3308,180
EndViolence,2024-11-11,570,18100,14,27
EndViolence,2025-10-17,253000,2100000,9315,1493
EndViolence,2025-06-13,80500,311600,1538,435
EndViolence,2025-09-05,8395,53700,454,120
EndViolence,2025-04-20,585000,3200000,9264,912
EndViolence,2023-06-09,501,23200,19,13
EndViolence,2025-04-12,406500,3800000,7106,1916
EndViolence,2025-09-10,3199,69800,137,15
EndViolence,2025-09-11,4960,29400,101,24
EndViolence,2024-06-04,385,8278,38,5
EndViolence,2025-09-23,402,4301,10,14
EndViolence,2025-09-21,207800,1500000,27900,1944
EndViolence,1970-01-01,0,0,0,0
EndViolence,2025-07-25,2323,18400,36,72
EndViolence,2025-11-04,1013,10800,17,24
EndViolence,2025-08-22,519800,7000000,20900,3669
EndViolence,2025-01-13,14300,759100,731,314
EndViolence,2024-09-25,943,79200,75,67
EndViolence,2025-09-12,79,523,4,4
EndViolence,2020-10-09,75800,430700,1523,0
EndViolence,2025-11-06,170,3977,7,21
EndViolence,2025-10-28,154800,1400000,2552,1668
EndViolence,2024-10-24,14200,126400,159,131
EndViolence,2025-11-06,124,1098,1,1
EndViolence,2025-06-26,310,3864,10,32
EndViolence,2025-10-13,79100,2500000,4535,8344
EndViolence,2025-09-12,18600,69800,543,875
EndViolence,2025-05-17,10100,112600,45,103
EndViolence,2025-07-20,398,9085,11,40
EndViolence,2025-11-08,31,351,0,4
EndViolence,2025-02-25,21300,1200000,166,510
EndViolence,2025-09-06,308,6300,9,14
EndViolence,2025-10-09,301800,2100000,4542,2002
EndViolence,2025-03-28,422900,5900000,10200,5365
EndViolence,2024-11-12,981,17500,75,27
EndViolence,2025-09-10,335,9115,19,21
EndViolence,2025-10-09,18500,147400,2346,88
EndViolence,2025-07-09,44400,481600,2783,1069
EndViolence,2024-09-16,5872,108100,219,67
EndViolence,2025-10-09,99,775,2,6
EndViolence,2025-05-07,89400,557600,760,281
EndViolence,2025-05-08,581,50100,16,0
EndViolence,2024-10-01,65900,1100000,7953,3450
EndViolence,2025-10-30,2892,115800,377,214
EndViolence,2025-09-02,23000,232600,668,316
EndViolence,2025-02-18,70,2104,1,4
EndViolence,2025-04-21,462600,2500000,5197,553
EndViolence,2025-10-09,61,779,3,4
EndViolence,2025-09-06,909,8283,81,113
EndViolence,2025-04-22,4489,216200,132,134
EndViolence,2025-02-17,107200,1800000,1848,1624
EndViolence,2025-09-05,6100,77900,181,98
EndViolence,2025-09-09,44,980,0,2
EndViolence,2022-06-13,2628,136100,52,236
EndViolence,2025-02-06,54000,1600000,834,519
EndViolence,2025-08-28,4239,398700,107,235
EndViolence,2025-09-25,135,1644,18,4
EndViolence,2024-05-10,2517,24700,285,20
EndViolence,2025-10-03,24300,189900,1156,205
EndViolence,2025-10-10,3589,40500,560,359
EndViolence,2025-10-23,49800,855800,4473,3182
EndViolence,2025-07-16,6568,88200,744,196
EndViolence,2025-09-26,17800,126400,296,308
EndViolence,2025-07-23,95100,621100,864,1023
EndViolence,2025-11-02,125,903,0,1
EndViolence,2025-09-11,748,7741,22,100
EndViolence,2025-08-27,14900,308200,464,0
EndViolence,2025-02-13,46300,858200,1385,620
EndViolence,2023-07-01,1700000,11400000,3869,2381
EndViolence,2025-08-19,55700,219300,5319,110
EndViolence,2025-11-07,94,2877,6,1
EndViolence,2025-11-06,114,662,0,1
EndViolence,2025-02-09,108,2444,5,3
EndViolence,2025-04-26,117900,1500000,1708,638
EndViolence,2025-05-12,4800000,25800000,120100,23400
EndViolence,2024-12-18,18500,194800,605,183
EndViolence,2024-12-28,76900,427400,769,2390
EndViolence,2024-06-09,771,37700,14,2
EndViolence,2023-09-23,576,12000,7,21
EndViolence,2024-07-29,2705,48900,15,27
EqualityNow,2025-10-02,194,7668,37,281
EqualityNow,2025-07-17,7268,152500,20100,1986
EqualityNow,2025-10-18,9,371,0,1
EqualityNow,2023-05-24,984,11800,35,82
EqualityNow,2023-05-10,434,4194,192,66
EqualityNow,2025-11-06,172,5877,71,44
EqualityNow,2025-06-02,126900,1100000,1483,253
EqualityNow,2025-10-26,4329,37600,248,306
EqualityNow,2020-06-02,130400,3000000,1967,6893
EqualityNow,2024-12-29,183300,2800000,3611,909
EqualityNow,2025-07-22,6151,369600,1035,173
EqualityNow,2025-01-10,5080,40900,2048,28
EqualityNow,2025-04-22,1046,15500,23,207
EqualityNow,2025-10-18,7845,52000,350,584
EqualityNow,2025-07-02,1564,271000,578,162
EqualityNow,2025-11-07,24500,267900,1830,303
EqualityNow,2021-01-08,5542,52700,36,627
EqualityNow,2025-09-06,164,6467,140,10
EqualityNow,2023-05-03,128600,688400,2560,432
EqualityNow,2021-12-06,29000,405200,124,129
EqualityNow,2025-11-01,354,20500,2,96
EqualityNow,2025-08-21,69,1150,0,24
EqualityNow,2025-09-17,64,798,0,16
EqualityNow,2025-06-04,100,1271,6,15
EqualityNow,2025-11-07,55,808,0,4
EqualityNow,2025-09-30,27800,153200,396,5967
EqualityNow,2025-10-16,444,2095,2,17
EqualityNow,2025-11-06,243,1013,7,39
EqualityNow,2025-11-02,18,193,0,5
EqualityNow,2025-11-07,94,648,0,6
EqualityNow,2024-12-12,133,2004,4,7
EqualityNow,2025-06-11,54200,584700,2709,4145
EqualityNow,2025-11-05,26,377,24,2
EqualityNow,2025-09-28,49900,190200,442,899
EqualityNow,2025-11-03,134,1198,9,4
EqualityNow,2025-02-03,1652,82800,302,180
EqualityNow,2025-11-06,749,25600,145,44
EqualityNow,2025-10-15,169,1053,5,68
EqualityNow,2025-10-29,36,157,0,1
EqualityNow,2023-10-13,78,588,0,0
EqualityNow,2025-10-16,179,1369,14,12
EqualityNow,2025-10-24,15100,179100,2473,335
EqualityNow,2025-09-12,59200,502400,7269,3848
EqualityNow,2025-05-25,43200,483200,5060,5834
EqualityNow,2025-04-25,1775,48000,892,83
EqualityNow,2025-10-06,97,3963,9,7
EqualityNow,2025-05-07,19900,106700,385,1660
EqualityNow,2025-08-11,358500,2000000,70700,5873
EqualityNow,2021-09-21,443,3131,55,6
EqualityNow,2024-05-21,3538,124100,2537,234
EqualityNow,2025-08-12,130500,732900,7124,799
EqualityNow,2025-11-02,850,22600,208,76
EqualityNow,2025-11-03,14,180,0,2
EqualityNow,2024-10-04,64800,1000000,10400,675
EqualityNow,2025-11-03,108,444,39,25
EqualityNow,2024-12-15,366,2901,12,54
EqualityNow,2022-06-27,185,2475,22,8
EqualityNow,2025-03-30,1939,18000,42,463
EqualityNow,2025-08-13,1200000,4000000,18600,3561
EqualityNow,2025-11-06,148,514,9,13
EqualityNow,2025-04-12,1187,23400,1171,69
EqualityNow,2023-09-20,33000,998000,2516,118
EqualityNow,2025-11-08,71,376,0,7
EqualityNow,2024-05-04,342100,9600000,3968,16200
EqualityNow,2025-08-26,60600,376300,3627,1591
EqualityNow,2025-11-07,398,5425,4,16
EqualityNow,2025-10-31,5124,59000,252,302
EqualityNow,2023-02-27,3974,125600,3705,97
EqualityNow,2023-03-18,7621,98900,408,123
EqualityNow,2025-04-25,28100,434400,8125,812
EqualityNow,2025-11-07,62,805,0,9
EqualityNow,2025-10-27,950,12000,430,49
EqualityNow,2025-09-01,23,574,2,13
EqualityNow,2025-11-07,75,929,0,5
EqualityNow,2025-09-19,23,499,14,2
EqualityNow,2025-08-11,1912,58100,120,418
EqualityNow,2023-08-26,42000,383900,253,1275
EqualityNow,2025-07-04,18300,275200,645,757
EqualityNow,2025-10-13,39600,405100,9680,455
EqualityNow,2025-11-07,20,313,3,13
EqualityNow,2022-05-04,286,3966,18,19
EqualityNow,2025-06-13,1643,11100,391,80
EqualityNow,2023-10-07,9884,426100,125,162
EqualityNow,2025-11-01,49,1078,1,11
EqualityNow,2025-10-02,80,386,1,6
EqualityNow,2025-11-07,102,924,0,12
EqualityNow,2025-11-08,114,1210,1,0
EqualityNow,2023-07-14,18,380,2,0
EqualityNow,2025-10-28,199,832,2,66
EqualityNow,2025-10-31,9411,691800,93,1943
EqualityNow,2025-10-30,4531,108300,2795,92
EqualityNow,2023-12-31,8040,217400,243,231
EqualityNow,2025-11-06,5218,20700,701,253
EqualityNow,2025-10-20,32500,131500,1564,1063
EqualityNow,2025-09-15,1343,21000,61,71
EqualityNow,2024-06-01,1346,103600,18,124
EqualityNow,2025-10-29,60800,207900,852,3796
EqualityNow,2025-02-08,52700,573900,1249,240
EqualityNow,2024-02-11,17000,1100000,299,321
EqualityNow,2025-09-11,14,1834,1,14
EqualityNow,2023-03-15,378500,5200000,4670,3880
EqualityNow,2025-11-05,1743,10100,373,44
EqualityNow,2024-03-11,59600,509300,4507,3439
EqualityNow,2025-10-26,43,220,0,2
EqualityNow,2025-11-06,1342,6042,279,69
EqualityNow,2025-08-27,1955,159900,836,216
EqualityNow,2025-10-30,1,35,0,0
EqualityNow,2025-01-30,869500,6200000,70000,11100
EqualityNow,2025-11-06,35,259,1,8
EqualityNow,2025-10-21,7370,41400,106,1906
EqualityNow,2025-02-15,2612,45000,80,36
EqualityNow,2022-06-14,49300,404900,48,206
EqualityNow,2025-01-23,3431,18500,26,119
EqualityNow,2025-10-26,5,161,0,3
EqualityNow,2024-03-30,84300,720700,11200,2902
EqualityNow,2023-05-18,2846,59500,1022,785
EqualityNow,2025-08-19,75000,870900,2751,1486
EqualityNow,2022-07-20,506,15200,3,70
EqualityNow,2023-11-12,77200,780000,7136,1672
EqualityNow,2025-09-27,605,6456,7,364
EqualityNow,2025-10-01,13700,79100,627,148
EqualityNow,2025-06-02,47100,243000,788,41
EqualityNow,2022-01-22,2591,24600,14,208
EqualityNow,2025-09-19,8,951,12,2
EqualityNow,2025-02-20,13200,52200,164,620
EqualityNow,2025-11-06,1624,7777,30,50
EqualityNow,2025-11-07,64,827,0,15
EqualityNow,2025-08-22,8614,57900,328,611
EqualityNow,2025-04-13,1732,46400,26,153
EqualityNow,2023-03-20,1200000,12400000,7810,7981
EqualityNow,2023-06-21,1018,10300,127,0
EqualityNow,2025-04-24,2150,47600,37,56
EqualityNow,2023-08-15,32900,270400,281,69
EqualityNow,2025-10-30,48100,203400,4296,1505
EqualityNow,2023-08-21,1735,38200,49,33
StandWithUkraine,2022-05-01,557,2893,7,44
StandWithUkraine,2025-04-07,64200,1200000,6157,1968
StandWithUkraine,2025-03-18,2071,18100,68,199
StandWithUkraine,2025-11-03,5045,98600,176,525
StandWithUkraine,2024-11-21,239500,9200000,22900,11700
StandWithUkraine,2023-02-11,110600,1100000,912,1594
StandWithUkraine,2023-04-23,5251,72100,230,610
StandWithUkraine,2025-09-14,2129,21500,141,27
StandWithUkraine,2023-05-25,20300,92600,778,391
StandWithUkraine,2025-03-01,3480,23700,44,249
StandWithUkraine,2025-11-07,2121,54400,216,165
StandWithUkraine,2025-03-03,2125,52000,92,3145
StandWithUkraine,2025-09-06,41200,254200,1100,2187
StandWithUkraine,2025-02-28,531200,3500000,17300,4877
StandWithUkraine,2022-04-15,2346,25900,11,112
StandWithUkraine,2025-06-30,18300,208500,1725,788
StandWithUkraine,2025-02-28,453,2863,8,96
StandWithUkraine,2025-08-12,44200,959600,8518,1665
StandWithUkraine,2025-02-28,90900,396100,1878,10100
StandWithUkraine,2024-10-10,4415,29100,151,141
StandWithUkraine,2022-02-25,2660,16500,97,134
StandWithUkraine,2025-07-31,2548,47600,541,229
StandWithUkraine,2024-05-04,9424,187700,143,679
StandWithUkraine,2025-10-27,4545,33900,419,166
StandWithUkraine,2022-02-27,109000,808700,2193,8666
StandWithUkraine,2025-02-24,270700,1900000,9197,6761
StandWithUkraine,2023-07-23,268100,3500000,15000,3739
StandWithUkraine,2024-04-11,54200,370100,1112,2748
StandWithUkraine,2023-08-03,862,2698,8,70
StandWithUkraine,2022-03-04,82100,668700,1635,1845
StandWithUkraine,2025-09-26,11000,146700,331,2421
StandWithUkraine,2025-09-02,28100,504400,10800,3091
StandWithUkraine,2025-03-01,21100,138600,537,1529
StandWithUkraine,2025-02-25,113000,1100000,3440,2674
StandWithUkraine,2025-10-15,21900,110800,430,578
StandWithUkraine,2025-11-07,53,443,21,7
StandWithUkraine,2022-03-15,458300,3400000,10300,4879
StandWithUkraine,2022-03-02,2441,48500,29,109
StandWithUkraine,2025-02-28,12300,44700,96,1801
StandWithUkraine,2025-09-26,25200,237900,425,1042
StandWithUkraine,2025-03-01,37900,626500,1077,3246
StandWithUkraine,2025-03-03,628600,6900000,112100,39900
StandWithUkraine,2023-09-01,3904,26800,82,108
StandWithUkraine,2025-10-28,37200,201100,742,280
StandWithUkraine,2025-09-25,2421,11800,54,190
StandWithUkraine,2022-04-04,77600,755000,5578,629
StandWithUkraine,2025-01-23,403,3484,15,16
StandWithUkraine,2025-03-02,839,26600,137,127
StandWithUkraine,2025-11-08,76,1412,1,5
StandWithUkraine,2025-02-25,6562,64900,173,151
StandWithUkraine,2023-07-12,752,27500,17,24
StandWithUkraine,2023-06-29,497,6758,10,83
StandWithUkraine,2022-02-26,2800000,20000000,21700,68900
StandWithUkraine,2024-06-24,10500,86300,95,212
StandWithUkraine,2024-04-20,96600,1500000,12500,19600
StandWithUkraine,2025-07-27,57800,1700000,3792,1476
StandWithUkraine,2022-02-24,258500,3100000,2245,18900
StandWithUkraine,2025-03-02,1016,89400,124,1966
StandWithUkraine,2022-02-25,458200,2900000,3849,7716
StandWithUkraine,2025-11-06,7207,85900,132,887
StandWithUkraine,2025-03-03,12400,108300,73,722
StandWithUkraine,2025-11-02,1351,17600,75,176
StandWithUkraine,2025-03-02,46900,1700000,743,1084
StandWithUkraine,2025-03-14,3496,75900,142,40
StandWithUkraine,2025-04-22,128300,4300000,6265,12500
StandWithUkraine,2022-02-24,1400000,10900000,110800,30700
StandWithUkraine,2025-11-07,4115,43000,81,361
StandWithUkraine,2022-12-10,152200,1800000,12400,4258
StandWithUkraine,2025-09-25,1254,22500,11,51
StandWithUkraine,2025-10-25,18700,85400,414,411
StandWithUkraine,2022-02-27,1778,45200,259,39
StandWithUkraine,2025-11-05,73,984,14,21
StandWithUkraine,2025-03-01,159300,1400000,4006,2030
StandWithUkraine,2025-08-10,16800,336400,359,1191
StandWithUkraine,2025-03-01,1432,13600,61,300
StandWithUkraine,2025-04-22,143100,1600000,3310,8793
StandWithUkraine,2024-04-26,519800,22200000,14500,16700
StandWithUkraine,2025-03-01,26500,140200,178,3854
StandWithUkraine,2025-05-23,32600,284100,1747,268
StandWithUkraine,2022-04-13,59000,387700,3123,2248
StandWithUkraine,2025-08-27,43,1223,4,17
StandWithUkraine,2025-03-09,11400,63700,184,390
StandWithUkraine,2023-01-11,2007,63300,110,339
StandWithUkraine,2025-08-23,321300,2200000,14100,4298
StandWithUkraine,2022-02-26,65600,1300000,1802,21800
StandWithUkraine,2023-10-17,8079,101600,104,759
StandWithUkraine,2025-03-05,5362,67400,147,787
StandWithUkraine,2022-02-28,3100000,14300000,26400,25100
StandWithUkraine,2025-05-06,23700,550800,818,674
StandWithUkraine,2025-10-23,17300,121300,1238,449
StandWithUkraine,2025-08-15,13000,91400,489,398
StandWithUkraine,2023-03-23,177700,4200000,3269,14400
StandWithUkraine,2025-03-01,69800,1200000,2969,3855
StandWithUkraine,2025-03-15,11700,82000,1604,912
StandWithUkraine,2025-11-08,2,142,0,0
StandWithUkraine,2022-03-01,125800,1600000,645,1141
StandWithUkraine,2022-03-01,7502,48000,567,0
StandWithUkraine,2025-03-01,318,1595,8,35
StandWithUkraine,2024-10-07,199400,2000000,7086,5430
StandWithUkraine,2025-03-20,13600,44400,185,781
StandWithUkraine,2025-08-18,3242,32200,106,1381
StandWithUkraine,2025-02-28,154,11900,17,9
StandWithUkraine,2025-08-24,4781,102500,259,274
StandWithUkraine,2025-02-23,99000,1100000,6182,5947
StandWithUkraine,2025-11-06,66,3015,15,3
StandWithUkraine,2022-01-24,775,15600,34,32
StandWithUkraine,2025-09-28,30900,136400,666,400
StandWithUkraine,2023-02-21,28600,164200,707,2404
StandWithUkraine,2025-04-27,110600,1200000,2198,7343
StandWithUkraine,2025-08-27,6252,103600,347,580
StandWithUkraine,2025-11-06,4801,76800,56,303
StandWithUkraine,2022-02-27,399800,3500000,15100,11900
StandWithUkraine,2022-05-17,401200,1700000,7251,16600
StandWithUkraine,2025-02-03,10200,127200,309,268
StandWithUkraine,2025-11-04,691,4732,8,53
StandWithUkraine,2025-11-06,157,1086,0,2
StandWithUkraine,2025-03-05,14700,47800,257,830
StandWithUkraine,2025-02-21,12500,90800,196,337
StandWithUkraine,2024-08-18,167600,1100000,4941,1156
StandWithUkraine,2023-02-09,3588,50900,41,818
StandWithUkraine,2025-11-07,1329,10000,94,24
StandWithUkraine,2022-02-25,4997,78700,29,497
StandWithUkraine,2025-04-16,27300,285400,505,1534
StandWithUkraine,2022-02-28,364300,2000000,1563,8190
StandWithUkraine,2025-11-06,89,5167,16,12
StandWithUkraine,2022-03-26,22800,172300,185,374
StandWithUkraine,2025-03-01,54800,470400,1174,0
StandWithUkraine,2025-04-28,1484,39900,57,55
StandWithUkraine,2025-05-08,47600,1900000,11300,3040
StandWithUkraine,2022-02-24,2800000,21100000,9858,34200
SudanCrisis,2025-11-07,20500,496000,1372,535
SudanCrisis,2023-11-10,291800,885000,47600,8352
SudanCrisis,2025-11-07,904,57500,196,44
SudanCrisis,2025-11-01,28600,215400,5358,2570
SudanCrisis,2025-08-06,234400,2400000,37700,15600
SudanCrisis,2025-09-08,10400,2100000,401,625
SudanCrisis,2025-11-08,169,2704,5,8
SudanCrisis,2025-11-04,133200,1600000,4870,2585
SudanCrisis,2025-10-31,9713,279900,888,340
SudanCrisis,2025-11-06,482,43700,35,30
SudanCrisis,2025-11-05,73800,730900,4994,828
SudanCrisis,2025-11-08,865,71500,41,39
SudanCrisis,2025-11-03,274100,6900000,54600,8041
SudanCrisis,2025-08-21,155600,776900,8759,1225
SudanCrisis,2025-11-04,2376,97700,95,140
SudanCrisis,2024-10-12,909,26500,135,28
SudanCrisis,2025-06-06,76,491,3,3
SudanCrisis,2025-09-20,6478,34600,634,192
SudanCrisis,2025-11-03,37600,826400,1609,804
SudanCrisis,2024-01-21,5630,26500,361,77
SudanCrisis,2025-11-03,164,14000,36,15
SudanCrisis,2025-07-24,1498,39800,48,46
SudanCrisis,2025-11-01,1623,39000,448,110
SudanCrisis,2025-11-03,101100,2600000,19300,2026
SudanCrisis,2025-11-03,128700,3200000,12700,3643
SudanCrisis,2025-11-04,11900,500800,311,440
SudanCrisis,2025-11-02,32900,869500,5446,814
SudanCrisis,2025-10-31,2073,306900,411,262
SudanCrisis,2025-11-02,99100,2500000,17700,2470
SudanCrisis,2025-11-01,5290,149000,169,207
SudanCrisis,2025-10-31,111800,4200000,10000,5712
SudanCrisis,2025-10-31,57300,756300,6299,2626
SudanCrisis,2025-09-14,10900,392400,922,670
SudanCrisis,2025-10-30,151800,1200000,15200,13300
SudanCrisis,2025-07-23,228100,3000000,26700,6157
SudanCrisis,2025-10-11,64900,869500,5284,525
SudanCrisis,2025-11-08,109,1308,4,3
SudanCrisis,2025-11-04,593400,2000000,49300,8587
SudanCrisis,2025-10-30,2300000,20000000,109100,36700
SudanCrisis,2025-09-23,257600,3000000,16600,12300
SudanCrisis,2025-11-06,74000,251600,8579,1614
SudanCrisis,2025-11-03,386,40200,13,16
SudanCrisis,2024-03-12,11200,399500,1071,412
SudanCrisis,2025-08-12,33000,111800,9454,2252
SudanCrisis,2025-11-06,193000,14000000,49900,0
SudanCrisis,2024-06-09,3317,8540,671,61
SudanCrisis,2024-12-27,953,5681,106,75
SudanCrisis,2025-05-18,78,671,5,7
SudanCrisis,2025-11-04,76100,1100000,4931,1808
SudanCrisis,2025-11-05,12600,173800,994,409
SudanCrisis,2025-11-03,145100,2000000,15300,3987
SudanCrisis,2025-11-06,686,184600,207,110
SudanCrisis,2025-11-05,2753,201000,110,157
SudanCrisis,2025-09-10,6234,188900,311,99
SudanCrisis,2024-04-17,1413,15200,213,15
SudanCrisis,2025-11-07,33,3395,3,4
SudanCrisis,2025-11-06,232200,6900000,20300,14000
SudanCrisis,2025-11-01,739900,3200000,52200,6914
SudanCrisis,2025-10-31,105000,1300000,9182,1813
SudanCrisis,2023-11-07,7158,179700,736,225
SudanCrisis,2025-10-17,31,2129,1,1
SudanCrisis,2025-11-02,3837,243100,500,375
SudanCrisis,2025-10-27,4722,703200,216,214
SudanCrisis,2025-11-08,133,1765,2,2
SudanCrisis,2025-10-29,9280,684700,1447,462
SudanCrisis,2025-11-04,38600,2000000,5371,1092
SudanCrisis,2025-11-05,375,16100,32,10
SudanCrisis,2025-10-16,125500,778000,10600,2230
SudanCrisis,2025-11-07,1172,59300,90,32
SudanCrisis,2025-11-02,5011,84400,280,125
SudanCrisis,2025-07-08,18800,108900,3075,1185
SudanCrisis,2025-11-02,2968,65900,58,44
SudanCrisis,2025-11-07,345,5183,52,24
SudanCrisis,2025-10-30,1575,233700,664,170
SudanCrisis,2024-08-14,460,2970,76,14
SudanCrisis,2025-07-27,40800,135200,5402,2083
SudanCrisis,2025-08-11,448700,3100000,37100,12000
SudanCrisis,2024-08-26,34100,102900,5766,1359
SudanCrisis,2025-10-30,90500,537100,6887,1097
SudanCrisis,2025-11-03,16700,49000,3647,1801
SudanCrisis,2025-11-01,50500,1900000,5845,1457
SudanCrisis,2025-11-07,181200,2600000,12000,3160
SudanCrisis,2025-11-01,554600,4300000,36600,6612
IranProtests,2025-09-08,734,32000,205,70
IranProtests,2025-06-13,28900,660300,4047,36
IranProtests,2024-07-31,396600,5100000,21300,12600
IranProtests,2025-06-28,8657,253500,360,644
IranProtests,2025-10-05,17400,89600,588,432
IranProtests,2025-09-11,89800,4600000,4754,2947
IranProtests,2025-06-29,682,26500,133,204
IranProtests,2023-03-16,6435,169300,505,232
IranProtests,2025-06-04,1738,112200,283,97
IranProtests,2025-06-14,3659,53500,99,0
IranProtests,2025-11-04,9606,48900,321,97
IranProtests,2025-10-12,1679,70400,188,2610
IranProtests,2025-10-26,3640,41000,243,338
IranProtests,2024-08-16,48500,1500000,3100,5690
IranProtests,2025-10-25,149,2973,25,10
IranProtests,2022-11-14,7865,76700,321,221
IranProtests,2024-05-02,469100,2800000,29900,23100
IranProtests,2023-02-27,205400,1000000,5760,619
IranProtests,2025-06-14,22000,283400,2086,1867
IranProtests,2023-10-30,3421,226100,429,591
IranProtests,2025-06-19,101100,2100000,18200,3001
IranProtests,2024-01-17,64300,2600000,4950,7394
IranProtests,2025-10-26,506500,4200000,10000,3220
IranProtests,2025-06-24,15900,330000,2324,1290
IranProtests,2025-11-07,387,9473,14,27
IranProtests,2023-02-25,21100,2300000,1032,1612
IranProtests,2025-11-01,2707,348100,154,145
IranProtests,2025-06-25,48600,1600000,824,2184
IranProtests,2025-06-22,52100,488600,7378,2483
IranProtests,2022-09-30,3688,36100,287,94
IranProtests,2022-12-08,1427,50600,104,139
IranProtests,2025-10-27,0,0,0,1368
IranProtests,2025-06-15,15000,201600,1192,1065
IranProtests,2025-06-26,108700,866100,8996,598
IranProtests,2025-11-04,3863,134900,2323,644
IranProtests,2024-04-17,27300,562900,937,3432
IranProtests,2025-07-14,90300,1100000,6303,2333
IranProtests,2025-06-05,1613,101900,121,628
IranProtests,2025-06-19,34800,1100000,860,5864
IranProtests,2025-06-03,446600,3200000,40800,16700
IranProtests,2025-06-23,1344,96900,468,40
IranProtests,2025-06-23,30800,540800,783,1250
IranProtests,2025-10-30,268,4481,11,6
IranProtests,2025-06-09,272100,9800000,35400,41900
IranProtests,2023-05-30,56400,655900,1621,1017
IranProtests,2025-06-16,71700,2300000,1998,9405
IranProtests,2022-09-22,74700,780800,3049,487
IranProtests,2025-10-22,29300,870500,4458,2439
IranProtests,2025-06-24,5345,439000,379,238
IranProtests,2025-06-21,60200,1000000,6032,4881
IranProtests,2025-06-25,2999,189600,702,179
IranProtests,2025-11-03,26100,254300,1066,877
IranProtests,2025-11-04,175,8198,45,11
IranProtests,2025-09-19,20500,189300,3061,280
IranProtests,2025-06-17,209100,4300000,7825,2550
IranProtests,2023-09-08,774400,9100000,14900,14200
IranProtests,2025-10-25,248,2982,2,2
IranProtests,2025-06-20,1425,9279,74,408
IranProtests,2022-10-03,1307,28800,9,22
IranProtests,2025-06-06,17700,228200,1375,2082
IranProtests,2025-11-05,61,2270,2,11
IranProtests,2025-11-06,13200,116500,249,192
IranProtests,2025-06-20,2226,276900,201,233
IranProtests,2025-06-16,210700,1800000,6915,11300
IranProtests,2025-11-07,79,821,3,15
IranProtests,2025-06-17,8326,342100,1035,747
IranProtests,2025-11-06,187,2278,30,18
IranProtests,2025-11-06,3928,32700,403,278
IranProtests,2024-12-05,68800,2100000,12500,1572
IranProtests,2025-11-04,117,5654,43,7
IranProtests,2025-11-06,136,1106,106,9
IranProtests,2025-09-16,3866,51400,570,681
IranProtests,2025-10-10,516,27000,22,53
IranProtests,2025-06-22,47100,416800,1405,1716
IranProtests,2025-06-25,470,7875,20,215
IranProtests,2025-11-04,50,2388,11,4
IranProtests,2025-06-23,81400,2700000,7570,9615
IranProtests,2025-11-03,868,31800,11,40
IranProtests,2025-11-06,23100,1300000,2907,1950
IranProtests,2025-11-07,187,1398,63,19
IranProtests,2025-06-21,350400,4800000,16800,12600
IranProtests,2025-06-18,16100,121000,263,188
IranProtests,2025-11-04,141,3522,51,9
IranProtests,2022-09-28,15900,219500,1083,644
IranProtests,2025-07-07,40100,423200,5919,3390
IranProtests,2025-11-06,4,896,0,30
IranProtests,2025-10-30,203800,1800000,7193,4339
IranProtests,2022-10-01,6207,280700,162,135
IranProtests,2025-06-26,5666,65500,763,1446
IranProtests,2025-11-06,9,193,3,0
IranProtests,2025-08-15,1434,21800,56,38
IranProtests,2025-06-20,3123,248500,367,274
IranProtests,2025-06-14,10900,612200,1570,871
IranProtests,2023-09-15,86700,663100,6736,915
IranProtests,2025-06-13,390400,6600000,55800,12400
IranProtests,2024-10-10,63500,853000,9180,1355
IranProtests,2023-10-28,17500,1000000,3245,1094
IranProtests,2025-07-22,46700,249300,4297,2264
IranProtests,2025-10-30,15500,98400,1416,134
IranProtests,2025-04-27,76000,849700,2593,1777
IranProtests,2025-06-13,7633,245000,338,448
IranProtests,2025-07-27,130600,3100000,20600,5881
IranProtests,2025-11-03,81,9201,2,3
IranProtests,2025-06-02,31000,257900,657,100
IranProtests,2025-10-06,23300,161000,1121,28
IranProtests,2022-10-19,405400,11000000,3094,10400
IranProtests,2025-11-03,7278,69500,1513,390
IranProtests,2025-06-23,54100,471200,12100,1272
IranProtests,2022-10-16,4711,41000,238,190
IranProtests,2025-06-23,3152,295800,213,226
IranProtests,2022-10-30,5899,108400,283,148
IranProtests,2025-11-08,0,0,0,0
IranProtests,2025-06-22,191,14700,4,63
IranProtests,2022-10-05,66700,561800,1269,790
IranProtests,2024-09-12,81900,1100000,5783,2624
IranProtests,2025-08-04,11000,337800,4323,506
IranProtests,2025-09-16,13500,86400,853,674
IranProtests,2022-09-28,9008,29100,1483,345
IranProtests,2024-11-26,11600,119600,576,249
IranProtests,2024-06-02,422,42800,29,24
IranProtests,2025-11-06,44,702,0,3
IranProtests,2022-09-25,46500,257400,925,1232
IranProtests,2025-11-03,35800,230700,1771,1441
IranProtests,2022-09-23,7326,381700,85,191
IranProtests,2025-10-20,1509,33200,68,107
IranProtests,2025-11-07,12100,49700,1631,255
IranProtests,2025-10-28,3119,110200,304,638
ClimateCrisis,2024-10-10,503300,2200000,19100,3336
ClimateCrisis,2025-11-04,281,3424,1,38
ClimateCrisis,2025-09-22,52400,435700,2121,1414
ClimateCrisis,2025-11-06,171,1283,2,7
ClimateCrisis,2025-07-15,1771,61000,74,39
ClimateCrisis,2025-02-22,1825,21800,638,133
ClimateCrisis,2025-10-01,80,681,1,2
ClimateCrisis,2025-08-07,18200,469300,5338,1050
ClimateCrisis,2025-07-05,240000,2800000,22200,11500
ClimateCrisis,2025-03-18,129900,694500,20400,1033
ClimateCrisis,2025-11-06,8751,64000,308,204
ClimateCrisis,2025-08-02,393,12300,25,47
ClimateCrisis,2025-09-04,159600,583100,6570,932
ClimateCrisis,2024-01-31,51500,562200,1254,940
ClimateCrisis,2025-05-17,357100,7200000,21900,10500
ClimateCrisis,2025-01-13,3494,28500,94,220
ClimateCrisis,2025-09-05,331300,1500000,15800,979
ClimateCrisis,2023-08-16,2517,32700,113,178
ClimateCrisis,2021-05-15,71900,393600,2713,2244
ClimateCrisis,2025-08-01,170600,923100,7148,670
ClimateCrisis,2024-11-16,4000000,20800000,148800,17900
ClimateCrisis,2025-02-11,25900,160400,729,376
ClimateCrisis,2025-10-26,954,14800,8,72
ClimateCrisis,2025-10-27,37600,337300,157,343
ClimateCrisis,2023-07-26,30200,353600,2908,1000
ClimateCrisis,2025-10-17,55900,252600,2052,160
ClimateCrisis,2023-02-06,155600,1200000,9308,1635
ClimateCrisis,2025-05-24,6520,42400,313,30
ClimateCrisis,2025-11-02,62,1430,5,3
ClimateCrisis,2023-07-24,318200,3900000,29700,4528
ClimateCrisis,2025-10-11,526300,1900000,13700,1906
ClimateCrisis,2025-11-02,346,2517,14,11
ClimateCrisis,2023-05-11,192700,1600000,4943,1238
ClimateCrisis,2025-10-30,1936,21000,22,115
ClimateCrisis,2025-11-08,2,102,9,0
ClimateCrisis,2025-04-21,47000,982400,1019,560
ClimateCrisis,2025-07-10,40200,343100,1999,803
ClimateCrisis,2021-11-13,115,1645,1,7
ClimateCrisis,2024-07-06,46800,251300,3358,564
ClimateCrisis,2025-04-27,242500,1100000,7369,2223
ClimateCrisis,2025-05-29,110200,466300,3079,391
ClimateCrisis,2025-04-22,2108,49100,71,100
ClimateCrisis,2025-11-06,135,946,10,14
ClimateCrisis,2022-08-07,800400,6700000,17400,16900
ClimateCrisis,2021-08-16,6192,17200,804,129
ClimateCrisis,2025-09-06,729200,3500000,36500,7421
ClimateCrisis,2025-11-05,135,3476,17,2
ClimateCrisis,2025-06-26,52100,201700,9717,3525
ClimateCrisis,2022-08-14,259400,1200000,4729,2421
ClimateCrisis,2025-09-23,60400,1200000,5530,3099
ClimateCrisis,2023-02-16,56100,1700000,4397,4870
ClimateCrisis,2025-05-18,590,7530,80,33
ClimateCrisis,2023-02-20,460400,1700000,22500,4394
ClimateCrisis,2025-11-06,574,5787,7,20
ClimateCrisis,2025-04-13,375400,1800000,14000,1506
ClimateCrisis,2025-11-08,1130,27700,74,254
ClimateCrisis,2025-01-13,1500000,8600000,79600,13000
ClimateCrisis,2025-06-23,16400,56500,2146,457
ClimateCrisis,2024-12-15,332400,1200000,15000,5238
ClimateCrisis,2025-10-29,638,7246,5,16
ClimateCrisis,2025-02-18,382400,1500000,27500,4333
ClimateCrisis,2025-05-16,769,40900,104,87
ClimateCrisis,2024-11-11,53200,197200,1361,442
ClimateCrisis,2025-10-04,119400,446400,4559,369
ClimateCrisis,2023-05-09,7055,85300,440,823
ClimateCrisis,2025-11-07,13,484,0,12
ClimateCrisis,2025-08-11,15700,90700,820,1525
ClimateCrisis,2022-04-15,6510,91900,476,798
ClimateCrisis,2025-08-11,8408,31300,179,149
ClimateCrisis,2025-11-06,233,775,9,20
ClimateCrisis,2024-04-15,1069,7774,25,43
ClimateCrisis,2025-06-24,500,5703,17,54
ClimateCrisis,2025-09-26,686,2246,46,50
ClimateCrisis,2025-10-22,450,4905,30,16
ClimateCrisis,2024-04-07,1667,8260,76,105
ClimateCrisis,2025-11-05,92,602,4,2
ClimateCrisis,2021-09-14,43100,221100,354,495
ClimateCrisis,2025-08-23,478,4676,18,14
ClimateCrisis,2025-05-30,3036,48900,207,349
ClimateCrisis,2025-11-07,6,272,0,21
ClimateCrisis,2025-08-21,8712,357600,179,721
ClimateCrisis,2023-05-16,11100,161500,212,244
ClimateCrisis,2025-11-06,319,3194,43,48
ClimateCrisis,2024-10-17,20800,71200,539,326
ClimateCrisis,2025-11-07,313400,3700000,16400,2302
ClimateCrisis,2025-10-13,196,1415,1,10
ClimateCrisis,2022-12-03,5858,92400,896,351
ClimateCrisis,2025-01-27,2136,11900,123,248
ClimateCrisis,2025-06-19,164500,882900,7673,2811
ClimateCrisis,2025-06-09,13800,69400,619,102
ClimateCrisis,2025-04-27,425000,1600000,18500,1602
ClimateCrisis,2025-11-02,9899,32900,638,118
ClimateCrisis,2024-08-26,2996,49500,192,82
ClimateCrisis,2025-11-07,72,688,2,5
ClimateCrisis,2024-11-10,1885,41900,193,51
ClimateCrisis,2025-09-24,1005,5711,106,32
ClimateCrisis,2024-09-03,13400,895800,776,829
ClimateCrisis,2023-08-30,2080,36600,217,152
ClimateCrisis,2023-09-13,550,19100,203,37
ClimateCrisis,2025-05-29,27200,192400,2369,214
ClimateCrisis,2025-08-09,16200,68900,716,126
ClimateCrisis,2025-09-23,6015,226900,542,990
ClimateCrisis,2022-10-05,112700,1600000,1337,1290
ClimateCrisis,2025-01-24,147300,664100,3573,489
ClimateCrisis,2024-01-29,447000,2000000,13200,4058
ClimateCrisis,2025-09-19,43100,272900,3684,550
ClimateCrisis,2025-11-08,21,457,3,10
ClimateCrisis,2025-01-24,333000,1200000,8036,1849
ClimateCrisis,2025-11-05,67,627,7,8
ClimateCrisis,2025-10-17,85300,881600,10500,2397
ClimateCrisis,2025-10-28,63600,386500,1156,250
ClimateCrisis,2025-04-16,17200,113700,411,666
ClimateCrisis,2023-05-08,9814,176200,334,155
ClimateCrisis,2023-11-08,75900,1100000,313,429
ClimateCrisis,2024-08-22,18200,884800,1756,1241
ClimateCrisis,2025-09-27,9352,59700,557,66
ClimateCrisis,2025-02-08,952,6868,20,26
ClimateCrisis,2025-04-20,578400,2200000,14300,2301
ClimateCrisis,2025-08-04,2062,11200,24,40
ClimateCrisis,2024-10-23,36000,193100,2187,932
ClimateCrisis,2025-11-08,415,15300,47,10
ClimateCrisis,2025-05-21,315600,2200000,3255,1662
ClimateCrisis,2024-05-01,4727,29500,418,40
ClimateCrisis,2024-08-14,1312,189500,39,132
ClimateCrisis,2022-04-13,633000,1900000,44200,7613
ClimateCrisis,2025-03-17,428800,3000000,33600,8735
ClimateCrisis,2025-01-02,3757,103500,1184,479
ClimateCrisis,2025-11-07,905,33400,75,365
ClimateCrisis,2025-04-15,177600,643300,6617,520
ClimateCrisis,2025-01-11,5232,147000,159,281
ClimateCrisis,2025-11-07,14,231,4,1
ClimateCrisis,2022-09-07,26700,113800,515,129
ClimateCrisis,2025-05-09,6599,169600,119,30
ClimateCrisis,2025-01-11,2168,20200,448,98
ClimateCrisis,2025-01-25,149900,570300,6053,593
ClimateCrisis,2025-02-18,136200,705200,7663,392
ClimateCrisis,2025-10-15,29900,137100,3553,381
ClimateCrisis,2025-05-04,48500,284900,3482,463
ClimateCrisis,2021-08-04,135400,7300000,23400,1563
ClimateCrisis,2022-03-24,6162,224200,5081,120
ClimateCrisis,2025-11-07,579,3023,56,28
ClimateCrisis,2023-10-30,321900,2300000,2607,1484
ClimateCrisis,2025-11-03,77,839,0,1
ClimateCrisis,2025-09-10,267300,810500,13500,826
ClimateCrisis,2025-01-10,792500,8900000,32900,4032
ClimateCrisis,2024-10-08,5787,30500,74,178
ClimateCrisis,2025-07-12,153300,719100,11800,1015
ClimateCrisis,2023-10-22,100600,345900,3686,990
ClimateCrisis,2025-06-06,19900,265000,1239,803
ClimateCrisis,2025-10-01,112400,585600,5725,1979
ClimateCrisis,2025-07-14,581,4310,26,14
ClimateCrisis,2024-10-22,8493,41600,313,158
ClimateCrisis,2025-11-03,212,1723,44,6
ClimateCrisis,2024-11-14,1094,21800,74,39
ClimateCrisis,2025-01-11,37000,226300,1923,296
ClimateCrisis,2023-07-20,20200,260100,3870,1384
ClimateCrisis,2023-07-05,284,6439,25,50
ClimateCrisis,2024-06-23,5497,49900,343,172
ClimateCrisis,2025-04-24,17400,140100,1674,126
ClimateCrisis,2025-11-04,115,1114,5,3
ClimateCrisis,2025-06-07,82400,294100,5102,1075
ClimateCrisis,2025-01-27,1700000,5900000,28100,3870
FridaysForFuture,2024-11-01,3613,50800,15,46
FridaysForFuture,2025-05-16,363,4502,4,12
FridaysForFuture,2021-09-09,238300,1800000,9843,13600
FridaysForFuture,2025-10-22,1406,27100,383,22
FridaysForFuture,2025-09-23,9824,54600,201,170
FridaysForFuture,2025-03-14,1206,102200,1587,28
FridaysForFuture,2025-08-24,876,14100,14,254
FridaysForFuture,2025-10-22,653,7021,48,1
FridaysForFuture,2025-11-07,90,1212,4,14
FridaysForFuture,2024-04-01,158200,1600000,8192,10500
FridaysForFuture,2022-03-07,358,16500,16,12
FridaysForFuture,2025-11-06,206,3466,159,22
FridaysForFuture,2025-07-11,173,5664,6,6
FridaysForFuture,2025-11-05,726,12600,303,71
FridaysForFuture,2025-07-14,329,7801,7,2
FridaysForFuture,2022-05-24,352,14400,13,1
FridaysForFuture,2023-11-23,127800,545200,5725,4938
FridaysForFuture,2025-04-23,136,3934,13,23
FridaysForFuture,2025-10-31,66,708,0,3
FridaysForFuture,2022-02-08,63,7667,8,9
FridaysForFuture,2025-01-29,1192,53400,23,101
FridaysForFuture,2024-02-19,103,3480,13,2
FridaysForFuture,2025-10-28,52300,463800,12600,4296
FridaysForFuture,2025-09-12,171,1575,3,0
FridaysForFuture,2025-09-05,1539,20400,73,64
FridaysForFuture,2025-10-01,10700,160000,457,0
FridaysForFuture,2023-03-01,2823,151300,137,76
FridaysForFuture,2025-02-07,402,39000,338,49
FridaysForFuture,2025-06-14,567,13400,38,77
FridaysForFuture,2023-05-22,19,2836,0,0
FridaysForFuture,2024-05-08,8180,59000,873,101
FridaysForFuture,2023-06-15,799,25700,16,32
FridaysForFuture,2024-07-29,70100,874900,1691,174
FridaysForFuture,2025-11-07,106,816,0,10
FridaysForFuture,2025-01-24,446,32700,880,55
FridaysForFuture,2025-10-19,766,17400,98,12
FridaysForFuture,2024-11-05,2409,34300,40,38
FridaysForFuture,2025-05-02,14000,182100,751,844
FridaysForFuture,2025-11-07,1853,14700,958,51
FridaysForFuture,2025-11-06,222,4892,210,33
FridaysForFuture,2022-09-23,1939,18500,537,43
FridaysForFuture,2023-01-22,3454,112700,288,7
FridaysForFuture,2022-08-01,302200,6000000,818,7517
FridaysForFuture,2024-09-06,75,3780,24,0
FridaysForFuture,2025-10-25,121,8217,12,15
FridaysForFuture,2025-11-06,6,341,0,19
FridaysForFuture,2021-09-24,895100,6000000,9533,8683
FridaysForFuture,2025-09-11,50400,960600,7958,1387
FridaysForFuture,2025-01-11,30,1626,21,1
FridaysForFuture,2023-12-05,221800,2100000,11800,799
FridaysForFuture,2025-10-24,206100,1400000,22800,4574
FridaysForFuture,2023-10-13,275400,4200000,23200,1240
FridaysForFuture,2025-08-08,17400,122200,639,202
FridaysForFuture,2025-11-07,32,822,4,1
FridaysForFuture,2023-07-08,2695,40600,64,55
FridaysForFuture,2022-07-31,193,9017,1,34
FridaysForFuture,2023-08-09,149300,1500000,7811,672
FridaysForFuture,2025-10-31,168,4069,16,126
FridaysForFuture,2025-06-06,75000,559200,2501,367
FridaysForFuture,2025-10-17,26200,416400,3372,122
FridaysForFuture,2022-06-10,550,12800,63,4
FridaysForFuture,2025-10-02,73700,934500,3588,4384
FridaysForFuture,2024-12-30,55500,346300,1449,1701
FridaysForFuture,2025-11-03,194,13600,79,6
FridaysForFuture,2023-04-14,6688,359800,4744,66
FridaysForFuture,2025-06-06,1191,34400,150,52
FridaysForFuture,2025-09-13,85,791,1,4
FridaysForFuture,2024-05-08,483,8093,52,19
FridaysForFuture,2025-08-28,42,939,1,18
FridaysForFuture,2025-07-04,121,3574,18,0
FridaysForFuture,2025-11-07,29,313,1,7
FridaysForFuture,2023-09-19,337900,1600000,5501,461
FridaysForFuture,2025-11-07,122,2260,0,0
FridaysForFuture,2025-07-24,490,4673,46,15
FridaysForFuture,2025-04-12,49100,330700,11000,547
FridaysForFuture,2025-04-15,189,9976,6,0
FridaysForFuture,2022-10-14,209,2555,0,6
FridaysForFuture,2022-10-31,37,2276,0,0
FridaysForFuture,2025-10-15,89,1765,4,8
FridaysForFuture,2025-10-16,177,3830,4,38
FridaysForFuture,2025-05-16,2586,20200,53,331
FridaysForFuture,2023-02-23,363,3324,9,41
FridaysForFuture,2025-11-01,143,969,0,17
FridaysForFuture,2025-11-03,95,1074,2,8
FridaysForFuture,2025-11-07,837,23000,19,21
FridaysForFuture,2023-12-21,155900,1800000,9828,302
FridaysForFuture,2024-03-20,271,6051,188,36
FridaysForFuture,2025-05-30,4595,365100,8542,150
FridaysForFuture,2025-09-26,1343,18100,40,34
FridaysForFuture,2023-09-09,21100,552300,4812,166
FridaysForFuture,2025-10-31,16,107,2,1
FridaysForFuture,2025-09-20,1391,22300,38,7
FridaysForFuture,2022-02-23,1902,16100,16,67
FridaysForFuture,2025-07-11,226,1783,3,33
FridaysForFuture,2025-11-07,3760,87300,1227,39
FridaysForFuture,2023-11-04,154,5178,8,7
FridaysForFuture,2025-10-26,477,6914,81,32
FridaysForFuture,2025-11-08,5,128,0,0
FridaysForFuture,2025-06-27,88,1958,3,4
FridaysForFuture,2025-08-01,205,1505,2,30
FridaysForFuture,2023-06-20,283,9407,63,4
FridaysForFuture,2025-03-27,201,3470,8,10
FridaysForFuture,2025-01-19,121,5408,14,2
FridaysForFuture,2025-11-07,0,0,0,102
FridaysForFuture,2023-02-03,4655,51200,263,171
FridaysForFuture,2025-08-03,17,222,0,2
FridaysForFuture,2025-05-27,126900,1600000,19400,660
FridaysForFuture,2025-09-06,10600,64400,946,22
FridaysForFuture,2024-08-30,5231,202700,10200,102
FridaysForFuture,2024-11-22,406000,4400000,64300,1502
FridaysForFuture,2023-03-28,2309,10800,229,72
FridaysForFuture,2025-04-07,127400,1000000,7876,788
FridaysForFuture,2024-06-21,19300,438800,14600,101
FridaysForFuture,2025-11-01,29,497,0,2
FridaysForFuture,2024-04-05,1375,227700,3774,27
FridaysForFuture,2023-11-10,14100,685400,9846,161
FridaysForFuture,2025-11-08,226,1412,4,6
FridaysForFuture,2025-02-26,4,90,1,0
FridaysForFuture,2025-11-06,35600,331200,1523,392
FridaysForFuture,2025-06-11,9757,235400,257,29
FridaysForFuture,2025-01-10,280,9160,6,10
FridaysForFuture,2024-01-16,17,1562,0,0
FridaysForFuture,2025-08-18,1200000,8100000,77100,834
FridaysForFuture,2024-11-18,38600,1000000,4603,191
FridaysForFuture,2025-02-28,1112,54300,1843,110
FridaysForFuture,2022-04-30,8970,75800,9,64
FridaysForFuture,2025-10-16,39100,304600,5051,520
FridaysForFuture,2020-06-27,339400,3300000,4328,5486
FridaysForFuture,2025-10-30,76,3059,65,5
FridaysForFuture,2025-10-22,74,1115,2,1
FridaysForFuture,2025-10-27,378000,2400000,45500,2090
FridaysForFuture,2025-11-07,1278,12800,155,88
FridaysForFuture,2023-09-15,2178,32100,72,30
FridaysForFuture,2025-10-03,16700,492900,24700,397
ActOnClimate,2025-11-07,443,8500,25,9
ActOnClimate,2025-05-04,6130,23000,131,253
ActOnClimate,2025-10-09,707,8300,22,86
ActOnClimate,2025-11-02,278,1895,23,3
ActOnClimate,2025-06-23,1828,15900,99,113
ActOnClimate,2023-09-29,112,12700,27,6
ActOnClimate,2023-03-03,42,847,1,0
ActOnClimate,2025-10-26,978,5446,74,43
ActOnClimate,2024-08-31,749,5998,34,34
ActOnClimate,2025-11-05,103,972,2,25
ActOnClimate,2023-06-07,745,71200,25,46
ActOnClimate,2025-11-08,34,497,1,3
ActOnClimate,2022-10-04,455,3520,21,20
ActOnClimate,2025-11-08,64,733,0,2
ActOnClimate,2021-12-09,2243,16000,36,56
ActOnClimate,2025-11-07,10,187,0,1
ActOnClimate,2025-11-07,302,26400,293,40
ActOnClimate,2025-01-15,95,1184,8,10
ActOnClimate,2025-11-07,6,158,0,0
ActOnClimate,2025-11-05,82,2029,0,3
ActOnClimate,2025-11-06,338,14200,22,161
ActOnClimate,2025-11-05,433,1950,38,23
ActOnClimate,2024-05-15,6776,77300,342,92
ActOnClimate,2025-11-05,19,524,1,5
ActOnClimate,2021-10-18,639,27800,12,21
ActOnClimate,2022-07-26,746,3290,127,9
ActOnClimate,2023-05-18,53,417,1,3
ActOnClimate,2025-11-07,739,17500,12,20
ActOnClimate,2024-01-02,377,6100,17,26
ActOnClimate,2025-10-28,2268,30900,454,164
ActOnClimate,2025-11-05,120,990,2,1
ActOnClimate,2021-03-17,16,531,1,3
ActOnClimate,2024-02-09,326,3774,11,34
ActOnClimate,2025-06-26,52100,201700,9717,3525
ActOnClimate,2025-11-07,84,930,1,3
ActOnClimate,2025-11-07,12,289,0,0
ActOnClimate,2025-03-04,499,6187,4,2
ActOnClimate,2025-11-07,116,809,7,9
ActOnClimate,2023-05-22,3,186,0,0
ActOnClimate,2025-04-14,5,85,0,0
ActOnClimate,2024-01-23,4296,44100,122,391
ActOnClimate,2025-11-06,574,5788,7,20
ActOnClimate,2023-07-29,37500,720800,326,765
ActOnClimate,2024-05-23,2017,33700,131,146
ActOnClimate,2025-02-18,382400,1500000,27500,4333
ActOnClimate,2025-04-14,6365,123300,297,598
ActOnClimate,2025-11-04,658,56000,330,45
ActOnClimate,2025-07-13,111200,2800000,6797,1874
ActOnClimate,2025-04-14,7,143,0,0
ActOnClimate,2025-11-07,43,1012,0,2
ActOnClimate,2023-03-18,201,6207,148,49
ActOnClimate,2025-11-07,0,1,0,0
ActOnClimate,2025-11-07,38,630,0,1
ActOnClimate,2022-02-09,31,1010,1,4
ActOnClimate,2025-10-29,4,142,0,0
ActOnClimate,2024-08-26,83,721,0,7
ActOnClimate,2025-11-07,69,4683,3,10
ActOnClimate,2025-11-07,7,294,2,1
ActOnClimate,2024-04-14,3969,23600,361,128
ActOnClimate,2024-01-27,6486,182100,808,970
ActOnClimate,2025-11-07,313800,3800000,16400,2301
ActOnClimate,2023-12-08,57,480,5,3
ActOnClimate,2025-06-20,568,4633,22,7
ActOnClimate,2025-11-06,45800,124600,2159,203
ActOnClimate,2022-08-01,1,206,0,0
ActOnClimate,2025-10-23,113400,447900,5410,2302
ActOnClimate,2022-10-10,319600,6000000,849,1841
ActOnClimate,2025-09-02,61,586,0,1
ActOnClimate,2024-08-26,2996,49500,192,82
ActOnClimate,2025-10-26,1392,11600,204,42
ActOnClimate,2025-11-08,16,183,0,2
ActOnClimate,2025-11-08,128,650,13,6
ActOnClimate,2025-11-07,234,3610,13,6
ActOnClimate,2025-07-17,1306,5025,84,16
ActOnClimate,2025-11-07,112,1009,5,2
ActOnClimate,2025-11-02,132,1164,6,5
ActOnClimate,2025-06-24,495,3411,30,8
ActOnClimate,2021-11-10,852,13600,59,20
ActOnClimate,2025-06-21,49,822,1,2
ActOnClimate,2025-11-07,32,433,0,1
ActOnClimate,2025-03-07,229,8553,1,2
ActOnClimate,2024-07-08,413300,5200000,7247,4981
ActOnClimate,2023-12-14,48,379,1,2
ActOnClimate,2025-11-07,10,261,0,1
ActOnClimate,2025-11-04,72800,5400000,1461,477
ActOnClimate,2022-11-10,5,253,4,0
ActOnClimate,2025-10-27,50100,252300,436,393
ActOnClimate,2025-08-20,14,416,2,1
ActOnClimate,2023-05-02,4526,121800,74,233
ActOnClimate,2020-07-10,13700,60500,1874,727
ActOnClimate,2025-10-17,85300,881600,10500,2397
ActOnClimate,2021-09-24,17,1698,1,19
ActOnClimate,2025-10-28,63600,386500,1156,250
ActOnClimate,2025-11-01,85,989,3,12
ActOnClimate,2025-11-08,88,495,5,4
ActOnClimate,2024-03-13,2,222,0,0
ActOnClimate,2024-09-27,157,3461,2,17
ActOnClimate,2025-10-29,1421,7932,25,11
ActOnClimate,2023-02-06,4750,20200,480,257
ActOnClimate,2023-04-10,60,2573,0,5
ActOnClimate,2023-07-27,28,307,0,8
ActOnClimate,2023-06-16,71,1852,0,6
ActOnClimate,2023-09-18,23,1064,1,1
ActOnClimate,2025-11-07,10,86,1,2
ActOnClimate,2023-11-13,339,13900,17,18
ActOnClimate,2025-09-10,9886,77900,147,79
ActOnClimate,2023-08-01,452,6108,10,69
ActOnClimate,2025-07-17,334600,2400000,23900,3979
ActOnClimate,2025-04-14,4,82,0,0
ActOnClimate,2025-10-30,4,113,5,0
ActOnClimate,2025-11-08,121,563,0,8
ActOnClimate,2025-07-24,1648,14100,243,31
ActOnClimate,2022-07-30,552,10400,38,101
ActOnClimate,2022-06-30,313,9304,5,138
ActOnClimate,2022-04-15,339,2684,9,12
ActOnClimate,2025-11-04,347,1851,13,0
ActOnClimate,2025-11-07,210,2528,0,18
ActOnClimate,2025-10-30,20,465,7,20
ActOnClimate,2021-08-04,2755,6857,1331,102
ActOnClimate,2025-10-20,203,1431,7,10
ActOnClimate,2025-10-30,14,348,1,2
ActOnClimate,2025-10-29,3,192,0,0
ActOnClimate,2023-04-04,716700,19100000,6954,15300
ActOnClimate,2025-11-01,69,420,1,2
ActOnClimate,2025-11-07,579,3023,56,28
ActOnClimate,2025-03-15,3760,278800,6409,1
ActOnClimate,2024-10-04,127,1100,1,10
ActOnClimate,2025-04-14,3,61,0,1
ActOnClimate,2025-07-30,93,648,3,1
ActOnClimate,2025-06-06,19900,265000,1239,803
ActOnClimate,2023-09-07,63,497,3,8
ActOnClimate,2025-09-18,1078,24500,34,267
ActOnClimate,2025-09-07,90700,378200,4737,782
ActOnClimate,2023-08-14,691,8768,20,7
ActOnClimate,2025-11-06,5,192,1,1
ActOnClimate,2021-10-22,299,12900,11,8
ActOnClimate,2025-11-06,40,445,1,1
ActOnClimate,2022-03-21,30,828,4,5
ActOnClimate,2024-06-04,61,698,1,12
